user,amount,timestamp
0.0,50.0,2018-02-14 18:47:34
0.0,25.0,2017-12-23 20:20:27
0.0,25.0,2016-03-06 21:02:17
0.0,25.0,2017-11-28 14:01:35
0.0,25.0,2017-12-27 11:44:32
0.0,25.0,2015-12-25 15:18:16
1.0,50.0,2015-12-30 11:48:08
1.0,50.0,2017-10-17 12:27:54
1.0,25.0,2018-01-29 18:17:07
1.0,25.0,2017-02-21 13:05:43
1.0,25.0,2018-02-08 22:51:17
1.0,25.0,2017-08-13 11:46:57
1.0,25.0,2017-04-22 18:48:34
1.0,50.0,2017-06-11 20:22:57
1.0,50.0,2016-07-01 12:02:30
1.0,25.0,2018-05-27 18:53:10
1.0,25.0,2018-02-25 15:22:23
1.0,25.0,2017-03-23 17:19:33
1.0,50.0,2016-01-05 11:47:40
1.0,50.0,2017-06-05 11:10:40
1.0,25.0,2017-10-15 11:22:00
2.0,25.0,2016-05-30 17:54:55
2.0,50.0,2017-12-22 14:11:15
2.0,25.0,2017-01-16 15:04:21
2.0,50.0,2017-08-07 17:30:47
3.0,25.0,2016-07-10 16:10:55
3.0,25.0,2016-03-12 21:53:58
3.0,50.0,2016-12-29 11:00:27
6.0,25.0,2017-07-03 12:42:28
7.0,25.0,2017-04-16 16:47:13
7.0,25.0,2016-01-26 13:57:31
7.0,50.0,2016-06-17 22:10:57
8.0,25.0,2015-07-16 14:54:49
8.0,25.0,2015-12-19 19:53:14
8.0,50.0,2015-09-23 20:47:59
8.0,50.0,2016-10-08 16:37:10
8.0,25.0,2015-04-22 19:24:38
8.0,25.0,2015-12-01 17:47:08
8.0,25.0,2018-04-01 20:44:46
8.0,25.0,2015-08-16 14:13:31
9.0,25.0,2018-01-14 15:01:20
9.0,25.0,2017-07-06 11:45:27
9.0,25.0,2016-05-17 19:03:35
9.0,25.0,2016-03-10 13:53:15
9.0,50.0,2015-10-19 17:04:08
9.0,50.0,2015-07-16 22:34:51
9.0,50.0,2017-06-12 16:24:10
9.0,50.0,2017-10-31 15:34:08
10.0,25.0,2017-07-05 21:26:07
10.0,25.0,2017-11-25 15:41:27
10.0,25.0,2017-11-11 14:47:29
11.0,25.0,2017-09-17 19:18:13
11.0,50.0,2016-12-30 22:26:09
11.0,25.0,2017-08-22 12:38:41
11.0,25.0,2017-02-10 13:46:49
12.0,25.0,2016-11-11 18:49:01
12.0,25.0,2017-10-16 22:42:37
12.0,50.0,2017-12-23 17:36:02
12.0,25.0,2016-12-22 13:09:55
12.0,25.0,2016-03-19 18:43:49
12.0,50.0,2017-04-29 12:45:23
15.0,25.0,2017-08-09 14:17:05
15.0,25.0,2017-09-07 14:47:11
16.0,1500.0,2017-01-29 20:48:48
16.0,1000.0,2017-03-18 19:13:14
16.0,1000.0,2016-11-29 22:23:50
16.0,1000.0,2017-09-30 11:25:16
16.0,1000.0,2017-03-03 22:46:59
16.0,1500.0,2015-07-11 14:19:02
16.0,1000.0,2016-11-07 15:46:45
16.0,1500.0,2015-07-12 16:24:35
16.0,1000.0,2018-01-22 18:34:49
16.0,1000.0,2017-04-04 13:28:18
16.0,1000.0,2018-04-05 20:25:14
16.0,1500.0,2015-09-20 12:16:55
17.0,500.0,2016-07-20 16:57:09
17.0,500.0,2018-01-09 22:59:30
17.0,500.0,2017-11-22 13:14:26
17.0,1000.0,2017-08-10 12:42:20
17.0,500.0,2017-07-26 21:09:17
17.0,500.0,2016-10-13 12:57:19
19.0,50.0,2018-05-26 17:17:45
19.0,75.0,2017-12-14 15:15:43
19.0,50.0,2018-05-11 14:11:43
19.0,50.0,2018-04-08 19:00:22
20.0,1000.0,2016-03-07 22:56:38
20.0,500.0,2016-04-28 17:43:30
20.0,1000.0,2015-08-23 19:42:12
20.0,500.0,2016-07-31 22:11:45
20.0,500.0,2017-12-22 21:26:20
20.0,500.0,2015-08-07 13:46:40
20.0,500.0,2015-07-15 13:25:41
20.0,500.0,2015-09-10 18:14:57
21.0,100.0,2018-03-21 20:16:22
21.0,100.0,2017-10-13 15:05:23
22.0,25.0,2017-06-25 16:50:50
22.0,25.0,2017-08-14 21:02:14
22.0,50.0,2017-09-05 20:08:31
22.0,25.0,2017-04-11 15:10:18
22.0,50.0,2017-02-13 15:50:15
22.0,25.0,2017-02-17 18:41:22
22.0,25.0,2017-02-24 18:56:29
22.0,50.0,2017-11-20 15:10:07
22.0,50.0,2017-12-21 21:21:57
22.0,25.0,2017-11-07 17:28:58
22.0,50.0,2016-12-09 16:29:48
22.0,25.0,2018-02-09 21:38:25
22.0,25.0,2017-01-01 22:59:08
22.0,25.0,2017-04-07 17:26:43
23.0,25.0,2017-05-23 15:35:47
24.0,25.0,2016-04-28 13:19:52
24.0,25.0,2017-07-20 20:31:37
24.0,50.0,2017-10-11 14:34:53
24.0,25.0,2017-02-08 22:05:17
24.0,25.0,2017-02-03 17:26:28
24.0,25.0,2017-01-02 22:45:18
24.0,25.0,2016-05-29 15:58:48
24.0,25.0,2016-12-14 12:23:33
27.0,100.0,2017-11-30 21:43:58
27.0,100.0,2017-11-10 12:02:07
27.0,100.0,2018-04-19 22:31:54
27.0,100.0,2017-05-17 21:49:53
29.0,50.0,2016-12-26 22:44:26
29.0,25.0,2015-05-14 17:49:57
29.0,25.0,2016-10-08 11:51:07
29.0,25.0,2015-07-28 11:30:34
29.0,25.0,2015-11-05 16:01:04
29.0,25.0,2017-07-11 14:45:18
29.0,25.0,2016-01-25 16:38:52
29.0,50.0,2018-04-17 15:40:33
31.0,25.0,2016-06-14 11:46:38
31.0,25.0,2017-05-28 15:21:09
31.0,25.0,2016-08-09 19:50:30
31.0,50.0,2017-12-15 22:20:51
31.0,25.0,2016-10-23 13:56:29
31.0,50.0,2017-07-04 19:43:41
32.0,75.0,2017-03-29 11:02:03
32.0,100.0,2017-05-01 11:06:07
33.0,50.0,2015-05-23 14:44:52
33.0,25.0,2016-02-20 16:06:04
33.0,25.0,2017-05-24 12:51:40
33.0,25.0,2017-08-23 21:46:05
33.0,25.0,2017-12-08 19:31:16
33.0,50.0,2015-05-21 19:20:53
34.0,1000.0,2017-12-15 15:16:25
34.0,500.0,2017-07-24 17:25:00
34.0,500.0,2017-07-21 14:36:23
34.0,500.0,2017-12-13 15:52:18
36.0,25.0,2017-05-15 11:50:32
37.0,1000.0,2018-05-23 15:47:45
37.0,1500.0,2015-09-10 11:33:58
37.0,1500.0,2015-07-24 13:18:17
37.0,1500.0,2017-05-27 11:46:14
37.0,1000.0,2015-11-04 14:13:25
37.0,1000.0,2017-12-23 19:47:25
38.0,100.0,2016-01-26 16:31:07
38.0,100.0,2016-12-17 20:23:39
38.0,100.0,2016-11-29 22:32:06
38.0,250.0,2017-02-06 13:53:58
38.0,100.0,2016-04-06 22:05:52
38.0,100.0,2015-12-28 20:55:31
38.0,250.0,2017-08-18 22:01:23
38.0,100.0,2018-05-05 13:37:17
38.0,100.0,2016-06-05 18:46:23
42.0,25.0,2018-02-01 14:24:31
42.0,25.0,2017-07-14 18:40:42
43.0,25.0,2016-09-09 21:08:28
43.0,25.0,2016-04-11 20:07:51
43.0,25.0,2018-02-11 22:02:09
43.0,50.0,2016-12-27 13:39:13
46.0,25.0,2018-04-03 18:19:32
46.0,25.0,2018-01-04 18:46:09
48.0,250.0,2017-12-10 18:58:11
48.0,500.0,2017-07-20 19:11:30
48.0,250.0,2017-12-09 13:11:26
48.0,250.0,2017-08-07 13:02:44
49.0,500.0,2017-11-10 16:38:04
49.0,500.0,2017-08-27 11:57:23
49.0,500.0,2018-03-18 13:32:51
51.0,25.0,2016-06-12 13:52:18
51.0,25.0,2016-10-20 22:29:08
51.0,50.0,2016-02-05 21:41:27
51.0,25.0,2016-09-28 18:45:22
51.0,25.0,2018-04-13 12:30:36
51.0,25.0,2016-04-14 19:30:37
54.0,75.0,2017-04-09 18:33:38
54.0,100.0,2017-04-17 20:35:34
54.0,75.0,2017-01-08 12:39:53
54.0,100.0,2017-12-19 15:43:53
57.0,25.0,2017-11-09 20:08:48
57.0,25.0,2018-01-19 22:38:55
57.0,50.0,2017-07-14 13:13:09
57.0,25.0,2017-11-07 19:29:35
59.0,25.0,2018-01-26 16:06:24
59.0,25.0,2018-02-21 14:17:01
59.0,25.0,2017-12-15 18:42:23
59.0,50.0,2018-04-17 14:45:16
67.0,1000.0,2016-01-15 20:00:46
67.0,1000.0,2017-01-31 22:12:07
67.0,1000.0,2016-09-16 14:04:00
67.0,500.0,2016-05-01 13:03:25
67.0,1000.0,2017-12-25 20:42:49
67.0,500.0,2016-04-30 21:06:18
67.0,500.0,2017-04-25 12:37:22
67.0,500.0,2016-05-05 14:20:21
67.0,1000.0,2017-07-15 17:06:28
67.0,1000.0,2017-07-11 19:46:44
67.0,500.0,2017-08-03 14:23:00
67.0,500.0,2017-08-09 11:54:55
69.0,25.0,2017-09-12 12:58:49
69.0,25.0,2017-05-03 22:21:01
69.0,25.0,2017-08-21 20:15:58
69.0,25.0,2017-04-25 12:06:17
70.0,25.0,2018-02-13 14:38:52
70.0,25.0,2018-01-04 14:12:47
70.0,25.0,2018-04-30 19:05:17
70.0,25.0,2017-08-31 13:20:30
71.0,250.0,2017-11-09 13:20:27
71.0,250.0,2017-12-19 15:58:14
71.0,100.0,2017-11-25 18:32:34
71.0,100.0,2017-09-10 21:41:18
75.0,50.0,2015-03-03 13:57:04
75.0,25.0,2015-08-22 16:29:03
75.0,25.0,2015-09-17 14:59:50
75.0,50.0,2016-07-24 13:10:11
75.0,25.0,2016-11-18 18:33:15
75.0,25.0,2015-06-20 11:38:30
75.0,50.0,2016-02-26 11:06:25
75.0,25.0,2015-10-10 14:02:01
75.0,25.0,2016-08-02 15:05:01
75.0,50.0,2017-05-21 20:31:01
75.0,50.0,2015-07-05 12:10:37
75.0,25.0,2017-02-10 21:24:52
76.0,50.0,2017-08-18 18:37:31
76.0,25.0,2017-09-05 13:01:20
76.0,50.0,2017-12-28 21:35:05
76.0,25.0,2017-08-14 22:26:39
76.0,25.0,2017-08-21 19:23:43
77.0,25.0,2017-12-16 19:25:16
77.0,25.0,2018-02-05 21:23:44
77.0,50.0,2018-02-21 22:20:42
77.0,50.0,2018-03-20 18:39:47
78.0,25.0,2017-12-01 22:27:17
79.0,50.0,2017-11-21 20:04:47
80.0,250.0,2018-02-01 20:35:13
80.0,250.0,2017-10-21 18:51:48
80.0,250.0,2018-04-19 14:22:45
83.0,75.0,2017-03-21 20:01:37
83.0,100.0,2017-11-17 16:38:01
83.0,75.0,2015-11-13 19:05:18
83.0,75.0,2016-07-08 11:25:51
83.0,75.0,2018-04-18 13:49:22
83.0,75.0,2016-08-27 17:31:59
83.0,75.0,2016-04-24 14:15:43
83.0,75.0,2015-10-19 21:58:00
83.0,75.0,2017-08-10 21:41:54
83.0,75.0,2015-11-16 22:48:21
83.0,75.0,2016-07-28 14:10:56
83.0,75.0,2018-02-11 17:13:33
83.0,75.0,2016-08-28 14:19:42
83.0,100.0,2016-11-25 21:20:20
83.0,75.0,2017-04-07 17:42:25
84.0,25.0,2018-03-18 20:46:05
84.0,25.0,2018-03-14 11:46:07
85.0,25.0,2018-06-03 14:01:19
86.0,50.0,2016-06-20 21:47:42
86.0,25.0,2016-10-31 14:14:21
86.0,25.0,2018-02-04 20:24:14
87.0,25.0,2017-05-16 11:55:19
87.0,50.0,2018-03-02 22:20:30
87.0,25.0,2017-04-02 12:50:20
88.0,50.0,2017-12-30 21:30:37
91.0,500.0,2017-03-20 15:32:16
91.0,500.0,2017-05-24 15:23:31
91.0,1000.0,2017-08-10 15:53:28
91.0,1000.0,2017-11-29 22:33:47
95.0,25.0,2017-12-20 13:52:25
95.0,25.0,2018-01-18 16:15:13
95.0,25.0,2016-05-13 21:58:46
95.0,25.0,2016-09-01 17:21:52
96.0,25.0,2018-02-15 21:41:28
96.0,25.0,2017-09-13 17:20:39
99.0,50.0,2017-10-30 17:15:01
99.0,25.0,2016-09-07 13:01:47
99.0,25.0,2015-07-26 16:57:33
99.0,25.0,2018-05-14 11:24:02
99.0,25.0,2018-03-04 13:49:25
99.0,25.0,2017-05-28 19:59:18
99.0,50.0,2016-01-26 20:33:26
99.0,50.0,2015-09-28 20:47:56
99.0,25.0,2017-03-20 19:52:19
99.0,25.0,2018-01-03 22:51:00
99.0,25.0,2016-10-25 22:26:23
99.0,25.0,2017-09-26 20:11:17
99.0,25.0,2015-08-25 18:04:09
99.0,25.0,2016-11-03 15:49:28
99.0,25.0,2015-05-23 19:46:02
99.0,25.0,2015-04-27 13:28:43
100.0,75.0,2017-07-02 14:37:32
100.0,75.0,2016-10-07 17:13:34
100.0,75.0,2016-07-29 22:06:13
100.0,75.0,2016-07-02 16:05:10
100.0,100.0,2015-08-11 20:55:07
100.0,75.0,2016-07-05 17:31:32
101.0,25.0,2017-04-18 19:30:01
101.0,25.0,2017-05-30 11:02:36
101.0,25.0,2017-10-02 17:06:59
101.0,25.0,2017-11-20 11:38:42
101.0,50.0,2017-07-23 16:06:55
101.0,25.0,2017-04-12 16:06:16
103.0,25.0,2016-09-14 21:14:01
103.0,25.0,2017-07-20 11:05:52
104.0,50.0,2017-08-29 17:02:28
104.0,25.0,2016-10-20 14:59:43
104.0,50.0,2018-04-04 17:52:31
104.0,25.0,2015-09-28 18:12:10
104.0,25.0,2015-05-31 22:18:40
104.0,25.0,2016-12-28 11:55:12
104.0,25.0,2015-08-28 15:31:34
104.0,25.0,2015-03-12 14:27:30
104.0,25.0,2018-02-07 20:47:18
104.0,25.0,2015-08-06 22:54:00
104.0,25.0,2017-01-18 18:06:51
104.0,50.0,2016-12-24 16:27:55
107.0,500.0,2017-08-02 22:27:23
107.0,1000.0,2018-03-07 13:16:48
107.0,1000.0,2016-12-08 18:17:07
107.0,1000.0,2016-12-11 21:14:34
107.0,500.0,2017-11-23 17:54:21
107.0,500.0,2018-02-02 13:02:59
108.0,75.0,2017-04-20 13:08:36
108.0,75.0,2017-08-16 13:53:33
109.0,25.0,2016-12-12 12:19:06
109.0,25.0,2017-12-26 22:31:02
111.0,50.0,2017-09-08 12:58:01
111.0,25.0,2018-03-31 14:43:25
112.0,1000.0,2018-03-30 19:16:43
112.0,1000.0,2018-01-17 17:24:22
112.0,1000.0,2017-11-29 12:46:31
113.0,50.0,2018-05-14 18:31:18
115.0,25.0,2017-01-06 11:24:47
115.0,25.0,2015-12-01 11:04:19
115.0,50.0,2016-10-11 15:11:01
115.0,25.0,2016-02-23 18:58:59
115.0,25.0,2016-01-27 20:35:38
115.0,25.0,2017-10-08 16:35:23
118.0,50.0,2018-05-13 22:10:40
118.0,25.0,2018-04-21 15:19:11
120.0,1000.0,2018-03-03 15:00:58
120.0,1000.0,2016-09-17 17:33:08
120.0,1500.0,2016-11-12 13:14:05
120.0,1000.0,2017-06-10 13:18:36
120.0,1000.0,2017-02-15 19:30:03
120.0,1500.0,2017-07-21 20:56:13
123.0,50.0,2018-05-19 19:01:27
123.0,50.0,2016-09-16 17:23:38
123.0,25.0,2015-11-23 14:34:05
124.0,50.0,2017-05-06 13:52:24
124.0,25.0,2018-04-20 22:29:54
124.0,50.0,2015-12-15 11:55:33
128.0,25.0,2018-05-01 14:41:04
128.0,50.0,2017-12-26 14:58:53
128.0,50.0,2018-05-11 14:19:19
130.0,75.0,2018-04-13 17:21:58
130.0,75.0,2018-04-10 20:01:18
130.0,75.0,2016-06-12 20:40:16
130.0,75.0,2015-03-08 17:57:41
131.0,50.0,2016-10-06 18:21:25
131.0,50.0,2017-12-28 11:43:24
131.0,25.0,2017-10-13 21:09:24
131.0,50.0,2017-10-30 18:57:40
131.0,25.0,2016-06-25 11:51:35
131.0,25.0,2015-09-30 22:54:57
131.0,50.0,2018-05-03 20:07:07
131.0,50.0,2016-07-01 22:36:22
131.0,25.0,2017-07-02 16:57:54
132.0,25.0,2018-04-27 22:03:57
134.0,25.0,2017-11-07 11:51:35
134.0,50.0,2018-03-12 19:34:21
135.0,25.0,2017-06-13 12:14:54
135.0,25.0,2016-08-10 14:14:18
135.0,25.0,2016-10-13 16:29:08
135.0,50.0,2015-08-26 12:06:31
136.0,250.0,2018-05-28 18:06:52
136.0,100.0,2017-09-23 15:35:23
138.0,250.0,2018-04-15 22:14:35
138.0,250.0,2018-02-07 14:29:38
138.0,250.0,2018-01-07 12:42:45
138.0,250.0,2018-05-20 22:30:07
140.0,25.0,2017-06-26 17:30:40
140.0,25.0,2017-03-09 21:57:52
140.0,50.0,2017-03-18 13:57:16
140.0,25.0,2017-01-31 19:12:43
141.0,1000.0,2017-06-01 11:37:00
141.0,500.0,2017-09-03 17:05:32
141.0,500.0,2017-09-03 17:38:04
141.0,500.0,2017-10-09 15:12:38
141.0,1000.0,2016-02-01 21:22:03
141.0,500.0,2017-10-28 20:25:18
141.0,500.0,2017-12-15 13:14:48
141.0,500.0,2017-06-15 15:45:52
141.0,500.0,2017-03-22 17:03:09
141.0,500.0,2015-12-10 21:14:10
141.0,1000.0,2015-12-30 20:29:39
141.0,500.0,2017-05-01 13:01:55
141.0,500.0,2017-12-30 14:57:05
141.0,500.0,2018-03-15 14:48:30
141.0,1000.0,2015-12-02 15:38:16
143.0,2000.0,2017-07-31 13:20:07
143.0,1500.0,2018-02-23 15:43:11
143.0,2000.0,2017-04-25 14:53:20
143.0,1500.0,2015-07-06 21:59:43
143.0,2000.0,2018-03-22 18:46:36
143.0,2000.0,2017-06-07 14:38:57
143.0,1500.0,2017-07-04 15:37:16
143.0,2000.0,2016-08-07 14:06:48
145.0,25.0,2015-07-07 20:33:11
145.0,25.0,2015-12-09 21:28:27
145.0,50.0,2018-04-05 18:25:28
146.0,100.0,2017-09-17 12:43:54
146.0,250.0,2018-05-23 15:27:11
147.0,25.0,2018-05-20 13:08:33
147.0,25.0,2018-05-21 12:04:41
150.0,50.0,2017-08-19 17:24:15
150.0,25.0,2017-09-28 22:09:36
150.0,25.0,2017-08-23 11:59:00
150.0,25.0,2018-03-01 19:08:10
152.0,25.0,2017-11-07 16:00:02
153.0,50.0,2017-06-27 19:10:25
155.0,500.0,2017-06-19 18:50:54
155.0,250.0,2017-07-21 15:15:15
155.0,500.0,2017-05-20 21:51:13
157.0,25.0,2018-03-24 12:14:55
157.0,25.0,2018-03-14 15:50:59
159.0,250.0,2016-02-23 17:13:53
159.0,100.0,2016-09-28 14:23:01
159.0,250.0,2017-01-26 14:50:33
159.0,100.0,2016-06-11 19:18:10
159.0,250.0,2016-10-09 13:54:19
159.0,100.0,2015-12-12 18:28:30
160.0,50.0,2018-05-15 13:49:17
160.0,50.0,2016-08-25 15:26:12
160.0,75.0,2018-03-25 15:20:31
160.0,50.0,2017-09-17 18:42:08
160.0,50.0,2016-07-21 19:39:25
160.0,75.0,2017-08-07 17:57:49
160.0,75.0,2016-08-09 18:05:49
160.0,50.0,2017-06-26 11:05:55
160.0,50.0,2017-09-17 20:41:38
160.0,75.0,2017-12-19 22:36:31
161.0,500.0,2017-08-22 22:05:48
161.0,250.0,2018-01-24 19:58:57
163.0,50.0,2018-02-06 21:03:39
163.0,50.0,2017-10-30 12:42:09
163.0,25.0,2017-10-08 18:22:32
163.0,25.0,2018-02-15 16:51:42
164.0,25.0,2018-04-22 13:08:13
164.0,25.0,2018-01-31 12:55:47
164.0,50.0,2017-10-14 13:43:02
165.0,25.0,2016-12-17 20:52:31
165.0,25.0,2017-09-22 14:23:07
165.0,50.0,2017-02-27 13:12:19
165.0,25.0,2017-10-22 16:43:54
166.0,25.0,2018-03-05 19:54:41
166.0,25.0,2018-04-01 22:47:11
167.0,100.0,2016-08-24 11:38:54
167.0,75.0,2017-05-25 13:35:18
167.0,75.0,2016-05-18 12:07:33
167.0,100.0,2015-09-12 18:46:23
167.0,100.0,2015-10-27 17:21:17
167.0,75.0,2017-12-01 20:07:44
167.0,75.0,2017-10-05 13:46:02
167.0,75.0,2015-10-22 19:32:51
167.0,75.0,2017-01-20 21:28:38
168.0,250.0,2017-07-22 11:35:13
168.0,100.0,2016-07-14 13:44:44
168.0,250.0,2017-04-14 20:50:43
168.0,250.0,2017-04-06 17:00:27
168.0,250.0,2017-03-03 18:27:50
168.0,100.0,2016-11-17 12:45:41
168.0,250.0,2017-04-23 15:36:29
168.0,100.0,2017-05-25 12:51:40
168.0,100.0,2018-01-29 13:52:18
170.0,250.0,2016-10-19 22:41:02
170.0,100.0,2018-03-02 20:21:20
171.0,250.0,2017-10-15 20:09:25
171.0,250.0,2017-08-21 19:03:13
171.0,250.0,2017-06-12 19:58:30
171.0,250.0,2017-09-18 21:15:38
173.0,25.0,2018-04-14 17:48:39
176.0,50.0,2016-06-10 14:45:58
176.0,25.0,2015-09-28 19:43:04
176.0,50.0,2017-07-02 19:31:51
176.0,50.0,2018-05-21 22:04:59
178.0,25.0,2017-07-25 14:01:51
178.0,50.0,2016-05-31 21:02:26
178.0,25.0,2016-01-01 14:39:10
178.0,50.0,2016-09-02 13:56:47
179.0,25.0,2015-09-28 20:20:03
179.0,25.0,2015-11-24 11:14:14
179.0,25.0,2017-10-22 22:34:23
179.0,25.0,2016-02-12 16:18:16
179.0,25.0,2017-11-19 13:54:44
179.0,25.0,2017-06-04 20:25:03
179.0,25.0,2016-09-21 12:05:45
179.0,25.0,2016-11-18 15:39:37
179.0,25.0,2016-01-01 13:37:00
179.0,25.0,2016-12-09 21:38:48
179.0,50.0,2017-10-02 16:05:33
179.0,25.0,2016-03-26 18:15:18
181.0,1500.0,2017-08-28 22:49:47
181.0,1500.0,2018-05-24 11:37:29
181.0,1500.0,2015-09-24 13:51:57
181.0,1500.0,2017-10-20 22:37:48
181.0,1500.0,2017-07-07 11:29:20
181.0,2000.0,2016-01-13 18:27:12
181.0,1500.0,2015-10-01 20:22:26
181.0,2000.0,2018-01-02 14:55:23
181.0,1500.0,2016-04-14 17:53:07
182.0,50.0,2018-01-05 12:25:59
182.0,25.0,2017-12-24 14:36:59
183.0,250.0,2017-05-10 17:19:56
183.0,250.0,2016-11-19 13:15:49
183.0,250.0,2017-07-23 12:58:33
183.0,250.0,2016-12-11 12:33:12
187.0,75.0,2017-02-11 16:08:23
187.0,75.0,2018-01-31 12:01:38
187.0,75.0,2017-10-26 11:54:37
187.0,75.0,2018-03-13 22:20:36
188.0,2000.0,2017-04-21 15:04:33
188.0,1500.0,2017-01-15 11:50:59
188.0,1500.0,2017-02-12 13:22:26
188.0,2000.0,2016-10-30 17:22:27
188.0,2000.0,2018-03-01 19:25:15
188.0,1500.0,2017-10-01 14:35:42
188.0,1500.0,2016-09-07 22:19:53
188.0,2000.0,2015-03-04 17:55:35
188.0,1500.0,2016-10-30 22:14:28
188.0,1500.0,2017-06-14 11:48:34
188.0,2000.0,2018-05-02 14:20:43
188.0,2000.0,2017-10-28 20:22:22
188.0,2000.0,2017-08-03 21:46:50
188.0,1500.0,2018-06-01 16:22:15
188.0,2000.0,2017-11-25 18:22:12
188.0,1500.0,2016-07-20 21:20:39
188.0,1500.0,2017-12-21 11:40:55
188.0,2000.0,2017-02-12 21:20:26
188.0,1500.0,2017-03-04 15:29:17
188.0,1500.0,2016-06-30 22:06:34
189.0,75.0,2017-12-07 12:25:48
189.0,75.0,2017-10-20 20:38:02
189.0,75.0,2018-04-06 22:24:45
189.0,75.0,2018-01-30 19:01:50
190.0,25.0,2016-12-13 16:33:26
190.0,25.0,2017-12-07 15:53:05
192.0,500.0,2017-09-07 21:08:05
193.0,25.0,2017-12-09 11:38:36
193.0,50.0,2017-04-08 18:28:21
193.0,25.0,2018-03-28 18:43:19
193.0,25.0,2016-11-15 17:22:53
193.0,25.0,2016-12-08 20:48:20
193.0,25.0,2016-07-12 15:51:15
193.0,25.0,2015-10-25 17:29:26
193.0,50.0,2017-06-12 12:49:55
193.0,25.0,2017-12-13 17:27:21
193.0,25.0,2016-12-10 13:46:11
193.0,25.0,2015-09-25 17:48:07
193.0,25.0,2015-10-26 15:03:23
193.0,25.0,2017-02-07 16:51:27
193.0,25.0,2016-10-15 14:39:02
193.0,50.0,2018-01-31 16:31:18
193.0,25.0,2015-05-06 20:44:09
196.0,25.0,2015-11-08 19:56:10
196.0,25.0,2015-07-10 19:17:29
196.0,50.0,2015-03-21 17:44:16
196.0,25.0,2017-04-15 22:05:08
196.0,25.0,2015-10-16 16:35:53
196.0,50.0,2015-10-03 12:36:38
196.0,50.0,2015-12-01 20:14:00
196.0,25.0,2016-12-21 21:13:47
196.0,25.0,2015-06-11 20:39:05
196.0,25.0,2015-06-26 11:04:50
196.0,25.0,2015-03-23 14:37:04
196.0,50.0,2016-07-10 22:38:25
196.0,50.0,2016-09-24 15:16:59
196.0,25.0,2017-06-13 21:02:30
196.0,50.0,2017-02-24 15:33:26
196.0,25.0,2015-03-05 12:00:06
198.0,50.0,2018-01-11 12:35:23
198.0,25.0,2018-04-04 13:39:49
199.0,75.0,2017-03-13 11:04:08
199.0,75.0,2016-05-02 16:35:30
199.0,75.0,2017-05-17 22:15:45
199.0,75.0,2017-02-10 14:42:01
199.0,75.0,2016-12-28 13:13:34
199.0,75.0,2017-04-28 22:09:57
199.0,75.0,2017-01-12 14:19:30
199.0,75.0,2016-01-14 18:35:38
199.0,75.0,2017-06-08 11:11:36
199.0,75.0,2017-03-08 14:04:22
199.0,100.0,2018-03-16 13:16:40
199.0,75.0,2016-06-22 12:53:50
201.0,100.0,2016-02-27 19:17:19
201.0,75.0,2017-11-05 16:04:30
201.0,75.0,2015-12-08 13:27:39
201.0,100.0,2016-12-28 15:26:49
201.0,75.0,2018-02-16 12:03:21
201.0,75.0,2016-01-25 15:29:13
201.0,100.0,2018-04-02 14:59:28
201.0,100.0,2018-03-11 15:57:15
201.0,75.0,2018-03-31 16:12:15
202.0,25.0,2018-02-04 16:21:06
202.0,50.0,2018-03-06 20:11:58
202.0,25.0,2016-06-30 11:57:51
202.0,50.0,2016-04-08 17:16:05
202.0,25.0,2016-02-10 21:39:17
202.0,25.0,2016-11-22 16:59:33
202.0,25.0,2018-02-09 18:57:31
202.0,25.0,2016-01-17 16:56:22
202.0,25.0,2017-08-12 14:31:23
202.0,25.0,2017-12-29 12:50:01
202.0,25.0,2015-10-27 20:49:32
202.0,25.0,2017-11-14 18:00:49
204.0,100.0,2018-03-22 22:31:36
204.0,100.0,2018-03-25 19:03:56
204.0,100.0,2018-05-04 13:02:11
204.0,250.0,2018-03-16 17:34:46
204.0,100.0,2018-04-24 13:12:41
206.0,50.0,2017-01-17 17:12:27
206.0,50.0,2016-02-12 15:29:51
206.0,50.0,2017-12-18 17:45:57
206.0,50.0,2017-05-05 16:29:55
206.0,50.0,2016-07-20 18:18:19
206.0,50.0,2018-01-08 16:12:00
206.0,75.0,2017-01-08 12:33:59
206.0,50.0,2016-01-15 11:13:41
206.0,50.0,2016-07-05 17:43:53
206.0,50.0,2015-08-02 15:36:05
206.0,75.0,2016-02-13 21:08:55
206.0,75.0,2016-10-08 19:26:09
207.0,50.0,2018-03-01 12:51:10
207.0,25.0,2017-05-09 22:18:47
207.0,25.0,2017-06-06 18:25:58
207.0,25.0,2016-09-18 16:01:15
208.0,25.0,2018-02-23 15:58:38
210.0,50.0,2017-07-30 16:59:53
210.0,25.0,2018-04-26 17:03:13
213.0,50.0,2018-03-16 20:47:13
213.0,25.0,2018-05-28 13:46:24
214.0,25.0,2017-12-30 14:52:10
218.0,25.0,2016-12-09 16:48:12
218.0,50.0,2016-02-21 13:36:36
218.0,25.0,2017-08-22 21:24:35
219.0,25.0,2018-05-20 17:47:19
220.0,50.0,2018-01-21 20:31:47
220.0,25.0,2018-04-03 11:27:49
220.0,25.0,2017-07-10 15:40:58
220.0,25.0,2017-07-03 11:53:25
221.0,50.0,2016-10-31 14:09:18
221.0,25.0,2015-11-29 20:07:40
221.0,25.0,2016-12-20 16:26:07
221.0,50.0,2016-12-18 16:12:43
221.0,50.0,2015-07-13 11:40:30
221.0,25.0,2017-02-13 16:59:17
221.0,25.0,2016-12-29 11:48:53
221.0,50.0,2017-11-08 22:14:29
221.0,25.0,2018-05-05 13:27:51
221.0,50.0,2018-04-29 11:11:49
221.0,25.0,2017-12-04 17:41:49
221.0,50.0,2015-10-27 17:14:12
222.0,1000.0,2017-08-19 22:02:59
222.0,1000.0,2017-10-07 13:26:14
225.0,25.0,2018-03-31 22:35:02
229.0,75.0,2016-08-12 18:35:15
229.0,75.0,2017-03-24 12:05:53
229.0,75.0,2017-04-20 15:08:14
229.0,100.0,2017-09-27 17:13:50
229.0,75.0,2016-11-26 20:36:39
229.0,75.0,2016-04-09 21:34:01
229.0,75.0,2016-04-15 12:39:24
229.0,75.0,2018-03-18 21:15:32
229.0,75.0,2017-02-11 11:42:33
230.0,250.0,2016-03-25 13:16:34
230.0,250.0,2016-10-06 22:34:09
230.0,250.0,2017-06-12 15:05:04
232.0,75.0,2017-11-27 15:44:08
232.0,50.0,2015-09-21 22:29:11
232.0,75.0,2018-04-11 12:40:52
232.0,75.0,2016-03-31 15:11:25
232.0,50.0,2016-08-03 14:34:25
232.0,75.0,2016-04-30 21:18:59
232.0,50.0,2016-11-13 13:26:50
232.0,75.0,2016-10-07 11:24:47
232.0,75.0,2016-03-03 15:26:27
234.0,1500.0,2017-01-10 22:46:23
234.0,2000.0,2016-12-01 21:25:15
235.0,1000.0,2018-04-09 19:33:03
235.0,1000.0,2015-09-16 13:59:08
235.0,1500.0,2017-12-22 13:34:30
235.0,1500.0,2017-04-22 13:37:04
236.0,25.0,2017-09-02 19:04:23
236.0,25.0,2017-10-17 20:08:25
236.0,25.0,2018-03-23 20:35:16
237.0,50.0,2017-01-27 14:05:29
237.0,25.0,2018-05-17 17:48:30
237.0,25.0,2017-08-22 13:33:15
237.0,25.0,2017-02-22 20:34:57
237.0,25.0,2017-08-14 11:56:38
237.0,50.0,2017-08-07 22:03:00
237.0,50.0,2017-12-15 19:24:47
237.0,25.0,2018-02-16 21:23:46
238.0,25.0,2017-11-01 14:39:28
238.0,25.0,2017-11-27 15:41:58
238.0,50.0,2018-05-20 18:49:20
238.0,25.0,2018-05-18 20:46:47
238.0,25.0,2016-11-16 21:23:03
238.0,50.0,2017-07-15 13:22:04
238.0,25.0,2017-12-10 12:37:24
238.0,25.0,2017-01-16 21:04:48
239.0,25.0,2018-03-31 22:15:19
239.0,50.0,2017-08-02 11:32:08
241.0,25.0,2018-05-28 14:04:59
241.0,25.0,2018-03-07 19:54:38
242.0,25.0,2017-07-26 17:48:21
242.0,25.0,2018-01-19 20:01:59
243.0,500.0,2017-05-23 22:12:22
243.0,500.0,2017-04-23 17:31:54
243.0,1000.0,2017-09-19 17:39:21
243.0,1000.0,2017-06-16 21:34:38
244.0,500.0,2018-03-12 17:04:47
244.0,250.0,2018-06-03 22:40:59
244.0,250.0,2017-09-29 18:31:01
244.0,250.0,2018-03-14 16:02:09
245.0,1500.0,2017-08-27 21:23:16
245.0,1500.0,2017-11-18 15:02:24
246.0,25.0,2016-05-13 19:49:50
246.0,25.0,2017-06-12 14:51:05
246.0,25.0,2017-02-09 19:12:58
246.0,25.0,2015-10-23 19:10:39
246.0,25.0,2017-04-01 13:36:42
246.0,25.0,2015-04-26 21:21:09
246.0,50.0,2017-02-04 11:08:11
246.0,25.0,2017-06-30 20:47:27
247.0,25.0,2015-08-17 20:18:39
247.0,25.0,2016-07-07 17:12:51
247.0,25.0,2017-05-17 17:26:10
247.0,25.0,2017-07-03 13:39:48
247.0,50.0,2017-11-02 21:45:57
247.0,50.0,2017-07-09 22:50:04
248.0,1000.0,2017-09-08 16:22:36
248.0,500.0,2017-03-22 14:04:47
248.0,500.0,2017-10-18 20:12:52
248.0,500.0,2018-02-12 12:46:05
248.0,500.0,2018-05-16 21:46:22
248.0,1000.0,2017-03-19 18:30:07
250.0,500.0,2016-01-07 13:34:27
250.0,1000.0,2016-08-14 15:26:38
250.0,1000.0,2016-01-19 14:20:56
250.0,500.0,2016-09-14 18:49:35
250.0,500.0,2017-03-30 17:02:02
250.0,1000.0,2018-01-31 16:23:30
250.0,500.0,2018-01-09 13:15:16
250.0,1000.0,2015-12-01 12:22:50
250.0,1000.0,2015-02-18 15:34:02
250.0,500.0,2017-11-27 14:37:27
250.0,500.0,2017-09-12 14:37:40
250.0,1000.0,2015-09-10 13:24:25
251.0,25.0,2017-06-21 12:13:55
251.0,25.0,2016-12-13 17:20:31
255.0,1000.0,2016-12-24 18:06:14
255.0,1000.0,2016-10-31 22:38:04
255.0,1000.0,2016-05-06 22:06:49
255.0,1500.0,2017-03-16 18:47:11
255.0,1500.0,2017-12-03 19:20:25
255.0,1000.0,2015-11-30 19:47:24
258.0,1000.0,2017-10-12 11:37:19
258.0,1000.0,2018-02-22 22:44:55
260.0,25.0,2018-04-01 13:49:32
261.0,25.0,2017-09-01 17:37:05
261.0,50.0,2015-02-22 12:22:18
261.0,50.0,2017-01-19 14:40:45
261.0,25.0,2015-02-13 13:52:52
261.0,25.0,2015-08-24 21:35:26
261.0,50.0,2015-10-07 21:01:20
261.0,50.0,2015-05-20 20:14:39
261.0,25.0,2015-12-19 19:06:25
261.0,25.0,2015-11-11 22:59:01
261.0,25.0,2017-03-26 17:39:45
261.0,25.0,2018-04-20 14:59:45
261.0,50.0,2015-06-02 18:51:59
267.0,25.0,2017-05-02 17:26:44
267.0,50.0,2017-06-03 21:51:57
268.0,500.0,2016-10-17 12:53:57
268.0,500.0,2018-03-26 14:10:27
270.0,50.0,2017-04-12 19:22:01
270.0,25.0,2016-07-09 18:48:46
270.0,50.0,2017-05-21 11:31:03
270.0,25.0,2018-01-30 13:29:06
270.0,25.0,2018-05-02 20:56:13
270.0,25.0,2016-04-19 17:51:50
270.0,25.0,2016-06-05 21:45:06
270.0,25.0,2016-06-23 16:42:28
270.0,25.0,2017-02-07 15:38:17
271.0,100.0,2016-08-14 11:04:28
271.0,100.0,2016-01-17 17:10:16
271.0,100.0,2016-05-16 14:43:57
271.0,100.0,2016-12-02 13:10:26
271.0,100.0,2017-03-27 20:25:12
271.0,250.0,2018-02-26 13:40:02
271.0,250.0,2016-03-25 14:58:20
271.0,100.0,2016-02-15 22:32:48
271.0,100.0,2017-11-20 16:46:55
271.0,100.0,2017-03-27 11:02:20
273.0,25.0,2016-11-02 15:56:04
273.0,25.0,2015-12-22 11:24:57
273.0,25.0,2018-02-25 22:41:13
273.0,25.0,2017-06-21 17:56:52
274.0,100.0,2017-10-13 18:11:41
274.0,100.0,2018-05-25 11:50:02
275.0,1500.0,2015-04-17 20:22:02
275.0,1000.0,2016-01-09 16:25:07
275.0,1000.0,2017-03-26 18:11:50
275.0,1000.0,2018-05-23 16:21:04
275.0,1000.0,2017-06-07 15:15:27
275.0,1000.0,2016-10-25 11:18:10
275.0,1000.0,2015-08-29 12:50:59
275.0,1500.0,2016-06-28 15:45:13
275.0,1000.0,2018-03-01 11:26:26
275.0,1000.0,2015-02-22 13:10:57
275.0,1000.0,2016-01-05 13:04:12
275.0,1000.0,2017-11-26 20:20:49
277.0,500.0,2018-06-01 17:14:38
277.0,500.0,2017-12-02 15:07:03
277.0,500.0,2017-08-07 14:40:47
279.0,50.0,2018-05-17 11:13:52
279.0,50.0,2018-01-11 14:00:55
279.0,25.0,2018-01-14 22:25:34
280.0,50.0,2015-07-12 17:34:31
280.0,50.0,2017-11-21 17:00:33
280.0,50.0,2017-09-10 14:20:51
280.0,50.0,2018-03-15 16:33:07
280.0,50.0,2018-01-13 16:20:39
280.0,75.0,2015-09-21 16:45:06
280.0,75.0,2016-09-24 11:12:25
280.0,75.0,2015-09-14 13:59:24
280.0,50.0,2016-07-28 22:25:56
280.0,75.0,2017-04-04 16:43:42
280.0,75.0,2017-10-26 15:52:55
280.0,50.0,2016-08-28 11:04:06
281.0,25.0,2018-04-21 17:02:27
281.0,50.0,2018-04-06 12:10:58
281.0,25.0,2017-11-13 22:24:36
283.0,25.0,2017-09-09 13:21:06
283.0,25.0,2016-02-22 18:51:40
283.0,50.0,2017-11-03 17:37:16
283.0,50.0,2016-10-15 16:34:19
283.0,25.0,2018-04-21 18:15:18
283.0,25.0,2018-02-17 22:51:06
284.0,50.0,2018-02-28 20:09:11
284.0,75.0,2018-03-04 14:26:41
285.0,50.0,2017-04-07 16:00:51
285.0,50.0,2017-02-12 14:41:51
285.0,50.0,2018-01-03 20:12:16
285.0,50.0,2017-02-27 20:58:27
285.0,50.0,2017-03-07 17:41:47
285.0,25.0,2016-09-06 20:48:21
290.0,25.0,2017-09-15 19:55:49
290.0,50.0,2018-05-26 18:16:28
290.0,25.0,2018-04-23 13:59:58
292.0,75.0,2017-11-26 22:04:21
292.0,75.0,2015-07-07 20:25:39
292.0,75.0,2016-07-18 14:20:28
292.0,100.0,2015-04-29 20:45:15
292.0,75.0,2018-02-27 19:21:16
292.0,75.0,2016-02-29 13:46:29
292.0,75.0,2016-03-24 22:02:19
292.0,75.0,2016-07-29 15:13:50
292.0,75.0,2017-09-24 13:40:48
292.0,75.0,2017-06-16 16:20:17
292.0,75.0,2017-10-27 17:23:14
292.0,75.0,2015-04-03 15:46:11
292.0,75.0,2016-10-13 15:30:49
292.0,100.0,2015-09-24 18:53:11
292.0,75.0,2017-09-15 22:57:28
292.0,75.0,2018-01-28 22:23:43
292.0,75.0,2017-10-11 13:26:02
292.0,100.0,2015-05-02 19:10:40
292.0,75.0,2017-03-15 16:03:04
292.0,100.0,2015-03-07 11:34:05
294.0,25.0,2016-08-10 16:27:16
294.0,25.0,2016-12-30 12:44:59
294.0,25.0,2016-06-27 12:12:34
294.0,25.0,2017-11-26 16:17:15
294.0,25.0,2017-05-31 16:13:50
294.0,50.0,2016-02-01 13:02:54
297.0,500.0,2016-05-09 14:34:34
297.0,500.0,2016-11-13 19:07:58
297.0,500.0,2017-06-19 20:34:45
297.0,500.0,2018-01-13 18:17:22
297.0,500.0,2018-03-01 11:56:12
297.0,1000.0,2017-03-04 13:38:31
297.0,500.0,2016-05-18 19:52:25
297.0,1000.0,2016-11-29 21:41:35
305.0,50.0,2017-10-25 19:14:09
305.0,25.0,2017-08-03 19:23:46
305.0,25.0,2017-05-08 11:50:43
305.0,25.0,2018-05-28 17:27:53
307.0,75.0,2018-01-23 17:09:24
307.0,75.0,2018-04-14 12:28:54
307.0,75.0,2018-04-13 13:29:02
307.0,75.0,2018-05-09 19:10:58
309.0,25.0,2018-04-10 13:13:48
310.0,25.0,2017-06-05 13:07:37
310.0,50.0,2018-01-13 12:49:14
310.0,25.0,2016-03-08 11:01:26
310.0,25.0,2016-05-25 17:02:45
310.0,25.0,2016-05-27 14:06:45
310.0,50.0,2016-09-24 22:53:54
310.0,25.0,2017-10-31 20:01:54
310.0,25.0,2017-03-11 14:50:41
310.0,25.0,2017-08-27 14:18:43
310.0,50.0,2017-08-16 14:47:56
310.0,25.0,2018-03-25 14:53:38
310.0,25.0,2017-01-11 19:41:06
311.0,25.0,2016-07-12 20:36:23
311.0,50.0,2016-10-01 22:22:02
311.0,25.0,2018-01-14 21:51:32
311.0,25.0,2016-12-09 22:23:23
311.0,50.0,2015-09-04 17:27:09
311.0,25.0,2018-03-21 19:39:02
311.0,25.0,2017-05-30 19:26:33
311.0,50.0,2016-09-23 16:52:51
311.0,25.0,2016-12-30 19:35:45
312.0,75.0,2017-03-05 14:20:27
312.0,100.0,2016-07-05 18:43:21
312.0,75.0,2018-01-17 16:13:11
313.0,50.0,2016-08-15 12:01:01
313.0,50.0,2016-04-03 18:55:44
313.0,25.0,2016-02-01 12:00:31
313.0,25.0,2016-05-27 11:30:29
313.0,25.0,2015-12-09 11:02:26
313.0,25.0,2015-09-09 15:36:30
316.0,75.0,2018-03-25 21:03:49
316.0,50.0,2017-05-09 11:37:48
319.0,500.0,2018-05-27 17:32:42
319.0,500.0,2017-10-20 14:39:35
326.0,25.0,2016-10-28 18:57:23
326.0,25.0,2018-03-05 11:23:01
326.0,25.0,2017-05-26 17:43:23
326.0,50.0,2016-03-02 11:51:02
326.0,25.0,2016-02-08 17:22:24
326.0,25.0,2017-08-16 17:57:27
326.0,25.0,2018-01-11 15:01:30
326.0,50.0,2017-05-04 16:26:40
326.0,25.0,2017-10-29 21:47:42
327.0,1000.0,2018-04-05 19:11:29
327.0,500.0,2017-11-16 12:22:06
330.0,25.0,2017-11-28 13:13:05
330.0,50.0,2017-02-28 22:54:29
330.0,25.0,2016-05-08 14:54:43
330.0,50.0,2016-04-11 17:40:22
333.0,250.0,2017-07-24 20:45:10
333.0,250.0,2017-11-27 17:50:01
334.0,50.0,2017-09-27 16:12:44
334.0,50.0,2017-12-22 14:33:18
335.0,500.0,2017-02-12 15:07:23
335.0,500.0,2017-02-23 17:31:13
335.0,500.0,2016-02-04 16:02:16
335.0,1000.0,2015-06-23 15:04:27
336.0,25.0,2017-11-10 17:29:00
337.0,50.0,2017-09-12 14:07:05
337.0,25.0,2016-07-12 21:04:18
337.0,25.0,2017-01-15 15:56:24
338.0,50.0,2017-02-21 19:27:07
338.0,50.0,2017-10-09 16:54:33
338.0,50.0,2017-06-07 20:14:50
338.0,75.0,2018-05-25 13:01:02
338.0,50.0,2018-02-26 18:32:14
342.0,100.0,2018-04-22 14:26:22
344.0,25.0,2017-10-19 16:03:44
348.0,1500.0,2017-06-02 17:02:08
348.0,1000.0,2018-03-12 17:30:01
348.0,1000.0,2015-05-04 12:05:54
348.0,1500.0,2015-03-14 15:50:35
349.0,500.0,2018-02-19 17:48:27
351.0,25.0,2016-05-16 19:02:10
351.0,50.0,2018-03-26 15:14:03
351.0,25.0,2016-09-26 17:59:46
351.0,25.0,2017-03-27 15:33:57
351.0,50.0,2016-03-24 22:00:37
351.0,25.0,2017-06-24 21:33:37
354.0,100.0,2017-12-15 17:19:38
354.0,75.0,2017-07-25 22:10:17
355.0,50.0,2018-04-07 15:47:29
355.0,25.0,2017-02-04 12:08:19
355.0,50.0,2017-04-30 17:11:19
355.0,25.0,2017-09-24 19:07:45
355.0,25.0,2017-08-04 12:29:44
356.0,100.0,2018-01-11 17:08:55
357.0,100.0,2018-01-14 21:37:41
357.0,100.0,2018-05-02 16:51:27
358.0,25.0,2017-10-11 16:15:12
360.0,25.0,2017-02-03 14:07:28
360.0,25.0,2016-11-14 15:53:10
360.0,50.0,2016-12-29 21:07:44
360.0,50.0,2017-12-12 15:59:33
361.0,1500.0,2018-04-28 14:25:52
361.0,1500.0,2017-08-06 18:38:33
362.0,50.0,2017-12-13 22:58:10
362.0,75.0,2017-11-14 17:10:10
363.0,25.0,2017-10-26 20:32:35
365.0,1000.0,2015-11-03 12:29:24
365.0,500.0,2015-03-11 11:41:16
365.0,500.0,2018-05-05 19:01:01
365.0,500.0,2015-09-04 21:03:10
367.0,50.0,2017-12-08 11:32:46
367.0,25.0,2016-02-24 15:23:43
367.0,25.0,2018-03-18 11:27:05
367.0,25.0,2017-12-04 20:59:39
369.0,2000.0,2017-12-28 17:00:16
369.0,2000.0,2017-12-09 19:11:57
369.0,2000.0,2017-10-31 20:03:05
369.0,1500.0,2016-11-24 20:01:35
369.0,1500.0,2017-02-16 19:16:42
369.0,2000.0,2016-12-14 13:32:39
369.0,2000.0,2017-03-19 14:54:49
369.0,1500.0,2017-01-19 11:25:49
371.0,50.0,2016-06-11 14:45:05
371.0,75.0,2016-03-26 21:26:13
371.0,50.0,2017-09-14 22:28:19
371.0,75.0,2018-03-02 14:58:07
371.0,50.0,2016-06-07 20:11:38
371.0,50.0,2016-09-18 22:09:53
371.0,75.0,2017-10-24 18:55:45
371.0,50.0,2015-06-18 18:09:48
371.0,50.0,2015-10-04 22:49:08
371.0,75.0,2015-05-23 21:40:16
371.0,50.0,2017-10-11 20:29:58
371.0,75.0,2017-03-04 14:13:33
373.0,1000.0,2016-01-25 20:27:08
373.0,500.0,2016-03-11 14:25:01
373.0,1000.0,2017-05-21 21:07:51
373.0,500.0,2016-10-02 14:26:44
373.0,500.0,2017-05-24 20:43:44
373.0,500.0,2015-12-24 14:47:20
373.0,500.0,2018-04-25 18:36:12
373.0,500.0,2017-10-04 19:35:39
373.0,500.0,2016-12-21 19:29:28
374.0,25.0,2018-02-04 13:42:30
374.0,25.0,2017-07-10 19:23:22
374.0,50.0,2017-09-26 17:04:14
374.0,25.0,2018-02-18 20:05:34
374.0,25.0,2017-12-20 15:10:34
375.0,25.0,2017-09-21 14:29:59
375.0,25.0,2017-03-10 12:33:40
375.0,50.0,2017-07-02 11:07:44
375.0,25.0,2015-05-28 12:19:30
375.0,25.0,2017-10-06 13:14:39
375.0,25.0,2018-04-28 22:23:48
384.0,100.0,2017-06-15 11:25:37
384.0,100.0,2015-05-08 12:42:15
384.0,100.0,2016-07-27 14:30:37
385.0,1000.0,2018-05-30 19:45:29
385.0,500.0,2017-09-24 12:45:34
388.0,50.0,2018-03-03 15:49:47
389.0,50.0,2017-09-07 20:42:16
389.0,25.0,2017-11-16 22:53:29
389.0,50.0,2017-10-24 18:26:15
389.0,25.0,2017-11-25 18:49:03
390.0,50.0,2018-05-28 16:57:41
390.0,25.0,2018-03-30 13:34:57
390.0,25.0,2018-04-23 12:39:57
390.0,25.0,2017-12-19 17:18:36
391.0,500.0,2016-02-24 21:16:43
391.0,500.0,2017-06-05 11:01:09
391.0,500.0,2017-01-08 15:52:09
391.0,250.0,2018-03-15 15:40:17
391.0,500.0,2017-01-11 17:10:16
391.0,250.0,2016-07-03 15:05:15
393.0,50.0,2017-09-01 22:14:53
393.0,25.0,2018-01-13 15:40:21
395.0,25.0,2016-08-22 19:49:54
395.0,25.0,2017-07-02 20:41:11
395.0,25.0,2017-10-16 12:33:24
395.0,50.0,2017-11-23 19:30:56
396.0,500.0,2016-01-19 22:50:27
396.0,500.0,2017-10-04 14:38:27
396.0,500.0,2016-09-24 20:06:26
396.0,500.0,2017-12-15 19:22:17
398.0,50.0,2017-05-20 11:23:32
398.0,25.0,2017-05-02 18:20:10
398.0,50.0,2017-01-27 22:35:11
398.0,50.0,2017-10-10 22:38:11
398.0,25.0,2018-01-11 15:47:42
398.0,25.0,2017-06-06 18:42:34
400.0,500.0,2017-11-30 22:51:38
400.0,500.0,2017-07-25 19:24:15
400.0,500.0,2017-02-26 12:23:07
400.0,500.0,2017-10-31 21:49:57
400.0,500.0,2017-12-22 11:01:38
400.0,1000.0,2017-04-30 18:46:53
400.0,1000.0,2018-02-01 19:05:44
400.0,500.0,2017-08-15 22:58:18
401.0,75.0,2017-01-24 12:30:32
401.0,50.0,2018-04-06 15:29:42
401.0,75.0,2017-01-30 11:50:17
401.0,50.0,2018-03-22 19:40:45
401.0,75.0,2018-01-07 13:31:31
401.0,75.0,2016-10-12 11:42:28
404.0,50.0,2018-01-12 17:31:37
404.0,25.0,2018-02-02 21:53:02
405.0,75.0,2018-02-19 13:42:07
405.0,50.0,2017-12-04 15:44:43
405.0,50.0,2017-10-27 16:18:00
406.0,25.0,2015-12-02 20:44:03
406.0,25.0,2015-12-29 11:08:35
406.0,25.0,2017-04-03 17:33:17
409.0,50.0,2018-01-05 16:14:58
409.0,25.0,2016-05-08 12:42:11
409.0,50.0,2016-04-30 22:56:03
409.0,50.0,2016-06-10 19:45:57
410.0,25.0,2018-01-24 22:12:26
410.0,50.0,2018-05-24 15:03:21
411.0,50.0,2018-03-05 20:42:51
411.0,25.0,2018-02-02 19:46:56
411.0,50.0,2017-11-24 18:27:59
413.0,25.0,2017-09-14 18:17:00
413.0,50.0,2017-05-14 18:03:10
418.0,100.0,2017-06-13 16:38:34
418.0,75.0,2017-01-19 18:01:16
418.0,75.0,2016-11-26 21:58:10
418.0,75.0,2017-04-23 17:14:18
418.0,100.0,2016-06-01 13:26:41
418.0,75.0,2016-07-14 21:23:13
419.0,50.0,2018-04-06 19:27:57
419.0,25.0,2018-04-18 21:08:49
419.0,25.0,2017-04-28 11:24:23
419.0,50.0,2018-01-17 21:31:48
421.0,25.0,2017-12-04 12:33:11
421.0,50.0,2017-07-23 11:08:25
422.0,25.0,2018-04-26 20:31:41
422.0,25.0,2017-02-13 12:47:40
422.0,25.0,2016-09-02 21:48:45
422.0,25.0,2017-06-12 15:25:26
429.0,50.0,2017-11-19 15:08:37
429.0,25.0,2017-07-17 19:38:17
429.0,50.0,2017-06-01 15:02:09
429.0,25.0,2016-12-06 16:07:48
430.0,500.0,2017-02-21 17:41:22
430.0,500.0,2016-05-02 14:05:34
430.0,500.0,2017-04-21 17:20:36
430.0,500.0,2016-07-26 21:19:36
430.0,500.0,2016-12-20 21:27:11
430.0,500.0,2017-01-09 14:13:05
430.0,1000.0,2017-05-02 12:51:45
430.0,500.0,2016-04-15 11:56:04
430.0,500.0,2016-07-09 19:20:08
430.0,500.0,2016-06-28 14:02:32
430.0,1000.0,2018-03-19 15:20:13
430.0,500.0,2017-06-15 16:09:22
430.0,1000.0,2017-02-27 12:40:04
430.0,500.0,2016-11-25 12:44:02
430.0,500.0,2017-07-12 12:46:33
432.0,25.0,2016-10-25 15:20:58
432.0,25.0,2015-11-19 22:49:15
432.0,50.0,2018-04-19 17:16:26
433.0,25.0,2017-03-30 15:35:40
433.0,25.0,2017-06-06 16:29:59
435.0,25.0,2018-06-03 20:52:04
435.0,25.0,2017-10-04 16:56:23
436.0,25.0,2018-03-07 22:41:54
436.0,50.0,2018-01-18 16:52:07
436.0,25.0,2018-02-15 17:58:44
440.0,50.0,2018-02-23 21:38:29
440.0,25.0,2016-09-16 20:30:29
440.0,50.0,2016-09-30 17:05:32
442.0,25.0,2017-10-09 11:39:43
442.0,25.0,2018-02-10 21:47:53
443.0,25.0,2015-10-08 17:02:49
443.0,25.0,2018-04-18 16:21:38
443.0,50.0,2017-04-29 20:36:13
443.0,25.0,2017-03-29 14:27:07
446.0,25.0,2017-07-07 20:57:03
446.0,25.0,2018-03-27 16:51:52
447.0,50.0,2018-03-14 18:03:14
447.0,25.0,2018-01-23 16:51:09
447.0,25.0,2018-01-21 14:02:47
447.0,50.0,2017-10-22 20:04:00
448.0,25.0,2017-11-17 14:02:27
448.0,25.0,2018-03-20 22:47:18
449.0,100.0,2018-01-05 21:23:04
449.0,75.0,2016-03-25 14:48:08
449.0,75.0,2016-05-20 13:43:34
449.0,75.0,2016-06-28 18:39:01
451.0,50.0,2016-09-10 21:15:24
451.0,25.0,2018-01-02 19:31:36
451.0,25.0,2018-02-18 16:00:57
451.0,50.0,2017-12-06 11:15:37
451.0,25.0,2016-09-08 19:32:03
451.0,50.0,2015-12-04 22:29:18
451.0,50.0,2016-11-29 12:10:37
451.0,50.0,2016-09-19 15:23:07
451.0,25.0,2017-06-20 21:08:38
451.0,50.0,2017-05-17 19:29:47
451.0,50.0,2015-12-10 15:10:59
451.0,25.0,2018-02-01 22:05:15
452.0,50.0,2016-12-27 18:06:04
452.0,25.0,2018-01-06 12:25:47
453.0,25.0,2017-11-08 22:05:36
453.0,25.0,2018-04-10 20:07:17
455.0,50.0,2017-11-20 19:04:25
455.0,50.0,2017-11-29 22:33:25
455.0,25.0,2018-05-18 18:29:09
455.0,25.0,2017-11-03 12:31:52
455.0,25.0,2017-10-09 22:11:53
455.0,25.0,2017-09-14 18:54:33
455.0,25.0,2018-02-10 16:26:31
455.0,50.0,2018-03-30 18:43:40
456.0,25.0,2018-04-18 20:37:52
456.0,50.0,2017-08-19 17:03:31
456.0,25.0,2017-03-24 17:45:13
456.0,25.0,2018-02-22 17:19:28
456.0,25.0,2018-05-13 20:07:36
458.0,50.0,2016-10-27 17:27:23
458.0,25.0,2016-05-09 17:25:08
458.0,25.0,2017-08-10 22:47:03
458.0,25.0,2016-11-13 14:42:25
458.0,50.0,2017-11-19 14:37:42
458.0,50.0,2016-03-13 11:00:24
461.0,50.0,2017-08-01 11:04:39
462.0,25.0,2016-10-25 14:41:35
462.0,25.0,2016-11-20 17:40:23
467.0,50.0,2018-05-07 21:43:17
467.0,25.0,2017-06-08 11:53:03
467.0,25.0,2017-07-01 17:09:09
468.0,75.0,2015-06-25 12:40:09
468.0,100.0,2016-01-01 19:40:15
468.0,100.0,2016-07-06 12:15:29
468.0,75.0,2016-08-26 18:57:17
468.0,75.0,2015-10-13 19:35:44
468.0,100.0,2015-04-28 16:28:13
468.0,75.0,2017-01-07 22:51:33
468.0,75.0,2017-06-04 16:57:45
468.0,75.0,2016-06-20 19:03:00
468.0,75.0,2016-02-09 17:12:39
468.0,75.0,2016-04-10 19:44:14
468.0,75.0,2015-06-18 22:15:20
468.0,75.0,2017-04-22 20:02:40
468.0,100.0,2017-11-06 14:27:02
468.0,75.0,2017-03-29 19:48:22
468.0,75.0,2018-01-27 15:49:54
468.0,75.0,2016-11-11 22:57:04
468.0,100.0,2016-07-26 20:44:15
468.0,75.0,2017-04-03 17:16:00
468.0,75.0,2018-01-28 11:36:42
471.0,25.0,2018-02-23 12:51:02
471.0,50.0,2017-09-28 13:57:41
471.0,25.0,2018-01-17 17:19:48
471.0,25.0,2017-03-21 14:18:45
471.0,50.0,2017-05-19 15:47:32
471.0,25.0,2017-12-19 20:39:55
474.0,250.0,2018-01-05 20:42:18
477.0,100.0,2016-09-08 17:07:50
477.0,75.0,2016-03-19 20:41:08
477.0,75.0,2016-07-11 16:35:32
477.0,100.0,2017-01-07 11:49:25
477.0,75.0,2016-08-24 17:43:42
477.0,75.0,2017-07-22 11:02:58
477.0,100.0,2015-04-18 12:34:59
477.0,75.0,2016-04-02 11:00:37
477.0,75.0,2017-05-27 18:35:25
478.0,75.0,2018-05-21 18:02:12
478.0,50.0,2017-03-21 18:14:54
480.0,50.0,2018-03-02 12:45:32
480.0,50.0,2018-05-27 15:13:35
480.0,50.0,2017-10-28 12:17:16
480.0,25.0,2018-05-21 17:33:00
481.0,25.0,2017-08-05 14:14:09
481.0,25.0,2018-03-07 21:46:57
485.0,50.0,2017-09-29 12:36:02
485.0,25.0,2016-07-08 13:43:39
485.0,25.0,2016-12-20 17:03:31
486.0,50.0,2017-03-10 17:09:09
487.0,25.0,2018-05-05 11:04:35
487.0,25.0,2017-03-02 12:20:09
487.0,50.0,2018-05-05 19:36:39
487.0,50.0,2016-09-24 20:52:00
490.0,25.0,2018-05-02 20:04:56
490.0,25.0,2016-05-29 17:40:51
490.0,25.0,2017-01-05 19:59:56
490.0,25.0,2015-03-29 18:21:00
493.0,50.0,2017-12-30 20:30:28
495.0,250.0,2017-09-12 21:04:45
495.0,500.0,2017-01-21 13:17:57
495.0,250.0,2016-04-12 14:33:30
495.0,250.0,2017-04-24 19:06:31
495.0,250.0,2017-01-24 11:26:47
495.0,250.0,2017-05-05 13:48:51
495.0,250.0,2017-10-01 21:07:46
495.0,250.0,2016-02-29 17:11:19
495.0,500.0,2017-05-29 15:02:54
495.0,250.0,2017-03-06 17:40:37
495.0,250.0,2018-05-04 11:21:55
495.0,250.0,2017-06-24 11:14:44
496.0,50.0,2017-02-20 14:11:03
496.0,25.0,2015-02-19 22:06:49
496.0,25.0,2017-10-06 15:01:16
496.0,25.0,2015-08-01 17:53:58
496.0,25.0,2017-07-09 19:55:04
496.0,25.0,2015-12-28 17:56:53
496.0,25.0,2017-02-10 15:19:15
496.0,50.0,2016-08-31 18:52:57
497.0,100.0,2017-12-18 21:00:38
497.0,100.0,2018-04-20 21:15:23
497.0,100.0,2017-10-22 22:45:13
499.0,250.0,2017-05-09 17:11:17
499.0,100.0,2018-01-18 15:15:16
499.0,100.0,2017-05-15 13:55:54
499.0,100.0,2017-02-24 19:04:45
499.0,100.0,2018-03-04 22:04:33
499.0,250.0,2015-04-22 21:07:55
500.0,50.0,2017-09-10 22:38:37
501.0,25.0,2016-07-19 19:44:09
501.0,25.0,2016-01-28 19:18:09
501.0,25.0,2018-04-03 22:05:58
502.0,25.0,2018-02-07 22:23:08
502.0,25.0,2018-04-20 13:50:49
502.0,25.0,2017-12-02 15:43:36
502.0,25.0,2018-05-30 22:11:46
504.0,25.0,2018-01-30 21:10:17
504.0,50.0,2016-09-03 19:21:03
504.0,25.0,2016-07-10 17:39:02
504.0,25.0,2017-01-19 12:42:55
504.0,25.0,2017-08-23 18:45:55
504.0,50.0,2017-11-09 15:26:32
504.0,25.0,2016-05-19 19:59:35
504.0,25.0,2016-07-30 17:25:39
505.0,25.0,2018-04-08 11:44:17
505.0,25.0,2017-06-10 11:40:09
505.0,25.0,2017-04-24 22:01:38
505.0,25.0,2016-07-21 19:53:06
505.0,25.0,2018-03-04 13:24:42
505.0,25.0,2016-12-12 18:53:20
505.0,50.0,2018-03-18 13:59:52
505.0,25.0,2017-12-29 18:43:44
506.0,100.0,2018-06-01 17:45:19
506.0,100.0,2018-04-14 14:27:54
507.0,25.0,2015-09-07 19:49:56
507.0,25.0,2016-09-17 20:47:11
507.0,25.0,2018-01-26 22:19:33
507.0,25.0,2016-01-06 18:52:14
507.0,25.0,2017-07-30 20:02:29
507.0,25.0,2015-03-05 22:02:24
507.0,25.0,2018-02-28 15:22:00
507.0,25.0,2017-03-29 19:13:45
507.0,25.0,2017-07-06 14:48:13
507.0,25.0,2016-09-22 14:26:10
507.0,25.0,2015-05-24 22:13:08
507.0,25.0,2016-11-22 17:01:00
507.0,25.0,2016-10-13 16:52:50
507.0,25.0,2018-05-16 16:17:25
507.0,25.0,2016-02-04 22:00:57
507.0,25.0,2015-11-07 21:40:36
508.0,25.0,2018-04-27 13:30:16
513.0,25.0,2018-04-29 17:19:33
513.0,50.0,2017-08-26 11:19:17
513.0,25.0,2018-05-23 14:50:36
514.0,50.0,2018-06-02 21:10:00
515.0,25.0,2017-12-24 20:04:37
515.0,25.0,2017-11-04 12:23:21
520.0,25.0,2017-08-10 19:30:26
520.0,25.0,2018-05-05 12:29:51
521.0,75.0,2017-06-06 12:49:16
521.0,75.0,2017-07-04 16:42:20
523.0,25.0,2017-02-13 21:56:18
523.0,25.0,2016-02-14 12:15:33
523.0,25.0,2016-08-09 14:06:48
527.0,1500.0,2018-05-23 20:34:09
527.0,1500.0,2018-05-26 16:26:18
527.0,1500.0,2018-03-19 13:18:41
530.0,50.0,2016-06-22 20:49:09
530.0,25.0,2018-01-24 19:47:19
530.0,25.0,2016-03-13 16:52:06
534.0,50.0,2018-03-11 22:19:41
534.0,25.0,2018-04-23 13:09:16
534.0,50.0,2018-01-29 14:28:07
534.0,25.0,2018-03-03 13:12:48
537.0,25.0,2018-03-17 15:53:44
541.0,25.0,2018-06-01 14:10:11
541.0,50.0,2018-04-16 20:37:33
543.0,25.0,2018-04-06 17:04:47
543.0,25.0,2018-04-09 12:54:33
543.0,50.0,2018-02-13 14:51:44
544.0,25.0,2016-02-08 17:58:30
544.0,50.0,2015-12-20 14:21:38
544.0,25.0,2016-11-17 20:20:14
544.0,25.0,2016-08-26 21:49:25
544.0,50.0,2017-01-15 18:41:34
544.0,25.0,2017-07-10 13:40:03
546.0,1000.0,2017-11-16 16:39:48
546.0,1000.0,2018-02-14 11:25:03
546.0,1000.0,2017-10-30 17:35:25
546.0,1000.0,2018-02-28 19:29:59
546.0,1000.0,2018-02-12 20:39:15
548.0,25.0,2018-04-22 14:42:56
548.0,25.0,2017-05-18 16:44:20
548.0,25.0,2017-06-09 18:44:01
548.0,25.0,2016-04-05 17:47:55
548.0,50.0,2017-07-23 13:37:23
548.0,25.0,2018-04-29 11:28:47
548.0,50.0,2015-07-21 18:10:01
548.0,25.0,2015-05-21 15:58:03
548.0,25.0,2015-06-27 22:34:20
550.0,100.0,2018-04-29 15:17:58
550.0,100.0,2017-07-26 19:21:46
550.0,100.0,2017-11-28 17:13:48
552.0,50.0,2017-04-20 14:26:15
552.0,25.0,2016-09-11 19:59:45
552.0,25.0,2017-05-28 20:49:58
552.0,50.0,2016-08-03 17:55:35
552.0,25.0,2016-06-21 14:52:49
552.0,50.0,2016-09-10 17:51:26
552.0,50.0,2017-06-07 16:26:18
552.0,25.0,2016-05-11 21:22:34
552.0,25.0,2017-11-07 13:57:09
554.0,50.0,2017-05-20 18:49:11
554.0,25.0,2017-04-05 21:06:06
554.0,25.0,2018-01-28 22:33:33
554.0,50.0,2017-09-15 17:36:29
556.0,25.0,2017-12-20 18:25:34
556.0,25.0,2017-04-29 22:08:16
556.0,25.0,2017-07-17 21:33:53
559.0,25.0,2017-03-02 16:49:30
559.0,50.0,2018-05-30 22:55:32
562.0,250.0,2017-09-07 11:49:39
563.0,25.0,2018-04-05 18:26:11
563.0,25.0,2017-07-24 12:56:47
564.0,25.0,2016-03-07 19:32:28
564.0,25.0,2017-11-19 13:44:00
564.0,25.0,2016-01-28 14:08:13
566.0,25.0,2018-04-18 21:40:30
566.0,25.0,2017-05-10 13:47:49
566.0,25.0,2016-09-17 14:31:35
566.0,50.0,2017-11-26 13:24:03
566.0,25.0,2017-04-07 11:46:25
566.0,50.0,2017-05-07 14:59:12
566.0,25.0,2016-09-07 13:27:44
566.0,25.0,2017-12-08 18:20:37
566.0,25.0,2016-06-17 13:01:44
568.0,1000.0,2017-09-26 19:46:33
568.0,1000.0,2018-01-21 11:11:57
568.0,1000.0,2017-08-28 18:38:51
570.0,500.0,2015-10-21 21:09:52
570.0,1000.0,2017-05-10 11:43:00
570.0,500.0,2016-03-16 22:27:44
570.0,500.0,2015-09-01 21:31:25
570.0,1000.0,2018-04-11 18:18:29
570.0,500.0,2016-07-09 14:52:07
570.0,500.0,2016-11-30 12:04:54
570.0,500.0,2015-10-08 18:48:46
570.0,500.0,2017-03-05 22:33:21
571.0,50.0,2015-09-02 13:27:43
571.0,25.0,2017-06-08 12:17:10
571.0,25.0,2016-12-22 20:03:45
571.0,25.0,2017-10-06 11:29:15
571.0,25.0,2017-11-16 16:23:01
571.0,25.0,2015-03-04 21:26:41
571.0,25.0,2015-11-26 16:16:07
571.0,25.0,2016-03-24 16:48:38
571.0,25.0,2017-01-12 12:37:19
571.0,25.0,2015-04-24 17:55:01
571.0,25.0,2015-03-12 16:58:11
571.0,25.0,2015-05-19 14:58:34
572.0,1500.0,2018-01-28 17:15:20
572.0,1000.0,2018-02-27 22:58:01
576.0,25.0,2018-05-31 16:34:55
576.0,25.0,2017-11-04 22:00:30
578.0,1500.0,2017-04-08 17:14:59
578.0,1000.0,2018-03-25 12:17:01
578.0,1000.0,2018-05-05 22:08:46
579.0,25.0,2015-11-17 13:56:10
579.0,50.0,2017-02-07 19:53:03
579.0,50.0,2018-01-11 20:10:55
579.0,25.0,2015-07-27 19:57:37
581.0,25.0,2017-08-26 21:16:35
582.0,50.0,2016-08-20 19:56:09
582.0,25.0,2016-10-05 22:55:08
582.0,25.0,2017-12-14 20:34:41
582.0,25.0,2016-09-15 22:14:42
582.0,25.0,2018-03-21 12:07:17
582.0,25.0,2017-07-07 17:43:56
584.0,25.0,2016-09-04 18:53:58
584.0,25.0,2015-11-11 12:44:47
584.0,25.0,2017-01-18 17:52:36
584.0,25.0,2018-04-15 14:45:57
584.0,50.0,2017-11-28 19:32:53
584.0,50.0,2017-06-22 15:57:14
584.0,50.0,2017-01-22 20:34:55
584.0,50.0,2016-05-02 12:18:45
584.0,25.0,2018-04-01 17:15:33
584.0,25.0,2017-07-08 16:20:37
584.0,25.0,2018-05-14 21:21:07
584.0,25.0,2015-09-01 17:09:12
584.0,50.0,2016-08-25 14:25:40
584.0,25.0,2017-10-26 15:13:15
584.0,25.0,2016-12-27 12:46:31
584.0,50.0,2018-04-29 18:46:06
584.0,25.0,2016-09-01 14:12:40
584.0,25.0,2017-04-29 20:42:12
584.0,50.0,2016-05-30 16:36:12
584.0,25.0,2018-02-25 20:38:44
584.0,25.0,2017-11-14 13:03:08
585.0,25.0,2018-04-03 16:16:05
585.0,25.0,2017-12-21 11:15:15
587.0,1500.0,2017-09-24 17:59:00
587.0,2000.0,2018-02-10 12:47:11
589.0,25.0,2017-10-29 11:52:15
590.0,500.0,2016-10-27 11:46:49
590.0,1000.0,2016-07-14 22:22:25
590.0,500.0,2017-04-05 18:56:06
590.0,500.0,2017-05-05 22:17:10
590.0,500.0,2015-10-24 14:44:35
590.0,1000.0,2015-12-26 14:22:42
590.0,1000.0,2016-07-18 19:24:17
590.0,500.0,2018-03-20 22:28:45
591.0,50.0,2015-08-23 22:30:41
591.0,25.0,2016-02-24 19:23:23
591.0,50.0,2018-04-08 19:45:30
591.0,25.0,2015-10-09 17:29:23
591.0,25.0,2017-08-02 17:05:53
591.0,25.0,2017-01-12 18:00:48
591.0,50.0,2017-12-15 13:07:34
591.0,25.0,2017-03-17 22:08:11
591.0,50.0,2016-11-27 11:27:20
591.0,25.0,2018-01-21 19:43:18
591.0,50.0,2015-12-31 17:10:55
591.0,50.0,2017-07-14 13:54:11
593.0,50.0,2017-03-27 12:33:03
593.0,50.0,2017-01-07 22:16:39
593.0,25.0,2016-11-08 19:07:54
593.0,50.0,2016-01-04 11:57:51
593.0,25.0,2015-10-22 16:03:24
593.0,25.0,2017-10-03 17:03:30
593.0,25.0,2016-05-09 22:00:35
593.0,50.0,2015-08-03 15:53:45
593.0,25.0,2016-05-02 17:55:30
593.0,25.0,2016-09-10 12:22:32
593.0,25.0,2016-04-09 20:43:43
593.0,25.0,2017-08-08 20:23:09
594.0,50.0,2017-12-03 11:43:47
594.0,50.0,2018-03-16 11:51:34
595.0,25.0,2015-08-16 17:31:20
595.0,25.0,2016-09-23 13:40:55
595.0,50.0,2017-05-30 15:18:47
595.0,50.0,2017-06-26 21:36:45
595.0,50.0,2015-09-12 17:15:28
595.0,25.0,2016-03-19 15:40:54
595.0,25.0,2015-12-16 19:06:42
595.0,25.0,2018-01-23 15:55:22
596.0,25.0,2017-03-27 16:10:10
596.0,25.0,2017-07-31 14:06:59
596.0,25.0,2018-01-26 16:26:17
596.0,25.0,2018-02-11 21:40:52
596.0,50.0,2016-12-22 20:49:51
596.0,25.0,2016-10-25 20:38:57
601.0,250.0,2017-10-13 12:50:21
601.0,250.0,2018-05-16 11:02:36
602.0,25.0,2017-10-18 18:35:08
602.0,25.0,2017-10-07 15:14:38
604.0,75.0,2017-08-24 14:00:22
604.0,75.0,2018-04-01 20:03:28
604.0,75.0,2016-10-17 16:22:39
604.0,75.0,2018-02-20 19:20:43
606.0,250.0,2017-05-31 22:55:14
609.0,100.0,2017-07-12 14:28:52
612.0,50.0,2018-02-12 16:50:14
614.0,1000.0,2017-02-02 15:50:01
614.0,1000.0,2018-03-27 11:40:37
617.0,25.0,2016-11-23 22:03:25
617.0,25.0,2017-06-24 17:25:53
617.0,25.0,2017-05-12 15:59:09
617.0,25.0,2017-09-01 13:50:07
617.0,25.0,2017-08-31 14:14:27
617.0,25.0,2017-01-16 13:25:15
621.0,25.0,2018-05-06 22:18:30
621.0,25.0,2018-03-08 19:43:50
624.0,25.0,2017-06-12 17:32:24
624.0,25.0,2017-10-03 22:56:28
624.0,25.0,2017-12-21 18:16:43
628.0,1500.0,2017-12-28 13:15:08
628.0,2000.0,2018-03-22 12:13:59
630.0,25.0,2015-05-27 12:14:04
630.0,25.0,2015-08-17 21:08:50
630.0,25.0,2016-07-28 20:28:20
630.0,50.0,2015-03-19 20:30:52
631.0,25.0,2016-04-14 12:42:22
631.0,25.0,2015-06-01 19:21:09
631.0,25.0,2018-05-10 15:42:19
631.0,25.0,2018-04-26 16:01:03
631.0,50.0,2017-09-28 12:49:56
631.0,25.0,2017-06-15 18:04:29
631.0,50.0,2015-08-23 19:01:48
631.0,25.0,2015-05-30 16:41:38
632.0,25.0,2017-09-23 12:40:31
634.0,75.0,2017-10-20 15:40:47
634.0,100.0,2017-09-27 22:20:46
634.0,75.0,2015-08-09 13:24:22
635.0,25.0,2018-01-17 20:04:11
635.0,50.0,2017-11-25 13:22:06
639.0,50.0,2015-05-21 17:52:19
639.0,25.0,2015-06-14 13:30:16
639.0,25.0,2016-03-03 18:31:12
639.0,25.0,2016-10-12 15:23:03
639.0,25.0,2017-01-01 13:04:52
639.0,50.0,2018-03-15 21:30:56
640.0,50.0,2017-12-05 16:34:16
640.0,50.0,2018-02-19 17:16:17
640.0,50.0,2017-07-09 20:54:12
641.0,1000.0,2018-05-19 16:15:34
641.0,500.0,2016-08-21 18:06:37
641.0,500.0,2017-02-24 13:49:03
641.0,500.0,2017-02-28 14:30:43
641.0,500.0,2017-05-13 16:09:08
641.0,1000.0,2016-12-18 13:20:45
642.0,25.0,2017-12-05 12:03:46
643.0,50.0,2018-05-07 19:59:59
644.0,25.0,2017-09-20 13:26:24
644.0,25.0,2017-09-28 19:40:52
645.0,1500.0,2017-06-06 21:20:56
648.0,25.0,2018-01-26 22:07:20
649.0,500.0,2015-06-10 18:56:25
649.0,500.0,2015-05-15 16:13:04
649.0,500.0,2018-02-01 15:52:17
649.0,500.0,2015-10-15 13:55:25
649.0,1000.0,2017-04-23 21:57:45
649.0,500.0,2015-09-28 17:11:15
649.0,500.0,2015-11-09 13:36:10
649.0,1000.0,2015-08-20 14:51:32
649.0,500.0,2015-12-01 19:39:55
649.0,500.0,2017-11-06 11:38:05
649.0,1000.0,2016-05-03 12:13:17
649.0,500.0,2015-02-11 11:03:10
651.0,25.0,2018-02-23 22:10:29
651.0,25.0,2017-11-03 22:14:32
651.0,25.0,2017-05-21 22:04:16
652.0,500.0,2018-04-26 14:01:15
652.0,250.0,2018-02-05 21:23:34
652.0,250.0,2018-01-10 18:52:29
654.0,50.0,2017-03-17 17:01:17
654.0,25.0,2017-02-07 15:56:24
659.0,25.0,2015-12-20 20:15:13
659.0,50.0,2017-03-10 12:30:47
659.0,50.0,2017-08-18 11:10:30
659.0,50.0,2015-07-24 22:26:14
659.0,25.0,2018-04-20 15:22:55
659.0,25.0,2015-05-30 14:55:28
659.0,25.0,2017-03-22 22:05:29
659.0,25.0,2017-11-12 19:32:46
661.0,25.0,2018-05-07 21:53:25
663.0,25.0,2017-02-17 16:54:09
663.0,25.0,2017-09-24 13:09:06
663.0,25.0,2016-11-20 19:18:18
663.0,50.0,2016-06-28 18:30:25
663.0,25.0,2018-02-26 15:25:18
663.0,50.0,2018-02-05 11:30:24
663.0,25.0,2016-04-15 14:24:15
663.0,50.0,2015-12-28 17:06:21
663.0,25.0,2015-03-15 11:40:56
663.0,25.0,2015-10-15 16:15:15
663.0,25.0,2016-02-02 17:43:21
663.0,25.0,2017-05-12 22:59:11
666.0,25.0,2016-08-02 13:39:50
666.0,50.0,2016-12-15 19:07:50
666.0,50.0,2017-07-21 13:05:25
666.0,50.0,2016-04-02 18:58:14
666.0,50.0,2017-09-23 15:36:51
666.0,25.0,2017-10-10 22:19:16
666.0,25.0,2016-12-31 12:54:06
666.0,25.0,2017-08-02 11:18:53
666.0,25.0,2016-11-16 15:43:36
666.0,25.0,2017-01-27 13:21:19
666.0,25.0,2018-05-01 12:00:47
666.0,25.0,2018-02-12 18:15:27
667.0,50.0,2018-04-14 21:18:56
667.0,50.0,2015-06-18 18:53:50
667.0,25.0,2017-01-25 11:39:11
668.0,25.0,2015-07-01 14:42:53
668.0,25.0,2015-02-22 22:09:28
668.0,25.0,2016-06-09 16:13:23
668.0,25.0,2016-06-23 19:53:21
671.0,25.0,2017-11-11 13:24:42
677.0,1500.0,2018-04-22 14:14:18
680.0,25.0,2017-01-09 19:24:26
680.0,50.0,2017-04-29 16:25:01
680.0,25.0,2017-06-09 12:42:23
680.0,50.0,2017-11-13 11:56:05
680.0,50.0,2016-08-30 17:40:39
680.0,50.0,2017-05-04 22:27:14
683.0,250.0,2017-09-09 11:50:15
683.0,100.0,2015-09-22 12:15:47
683.0,100.0,2017-01-31 19:40:09
683.0,250.0,2017-07-20 21:19:38
683.0,250.0,2016-06-03 16:50:42
683.0,100.0,2017-08-13 21:47:54
685.0,50.0,2017-06-19 21:47:24
685.0,25.0,2018-04-07 11:45:21
685.0,50.0,2017-07-12 20:40:21
685.0,25.0,2017-03-27 22:18:37
687.0,50.0,2018-05-25 12:28:01
687.0,50.0,2018-03-04 20:24:30
687.0,50.0,2018-05-13 21:43:01
689.0,1000.0,2018-05-10 12:16:15
690.0,75.0,2018-02-03 14:53:02
690.0,100.0,2018-03-02 22:12:17
693.0,25.0,2017-08-23 18:55:00
694.0,50.0,2017-04-10 14:23:55
694.0,25.0,2016-11-17 17:43:13
694.0,25.0,2015-08-21 17:24:43
694.0,50.0,2015-12-16 14:28:32
695.0,2000.0,2018-04-07 15:24:15
695.0,2000.0,2015-05-30 13:19:24
695.0,1500.0,2018-05-27 17:40:13
695.0,1500.0,2015-10-17 18:18:57
697.0,1500.0,2017-09-05 12:43:49
697.0,1500.0,2017-05-09 18:57:56
697.0,2000.0,2018-02-12 18:10:59
698.0,25.0,2017-12-28 16:16:28
700.0,25.0,2017-12-06 18:44:50
700.0,50.0,2017-09-08 11:13:52
700.0,25.0,2018-05-15 18:40:39
700.0,50.0,2017-06-22 20:03:37
701.0,50.0,2017-07-24 15:35:19
701.0,25.0,2016-01-17 14:24:08
701.0,25.0,2016-05-02 17:23:54
701.0,25.0,2017-12-01 17:36:45
702.0,50.0,2016-06-24 21:40:41
702.0,50.0,2015-10-06 17:12:19
702.0,75.0,2015-07-17 22:52:47
702.0,50.0,2017-11-18 17:39:58
702.0,50.0,2018-02-12 17:34:36
702.0,50.0,2015-12-22 12:57:15
702.0,50.0,2016-10-17 18:19:11
702.0,75.0,2015-11-27 19:39:12
702.0,50.0,2018-02-25 20:53:05
702.0,50.0,2017-03-01 21:14:46
702.0,50.0,2017-08-25 18:05:46
702.0,50.0,2015-09-14 20:31:12
702.0,75.0,2018-01-01 19:40:31
702.0,75.0,2017-10-22 15:35:56
702.0,50.0,2018-05-26 14:17:25
702.0,50.0,2015-04-17 13:20:01
703.0,25.0,2018-03-05 21:36:31
703.0,25.0,2016-03-01 20:18:54
703.0,25.0,2015-04-19 14:45:15
704.0,1500.0,2018-06-02 15:59:08
707.0,50.0,2017-10-24 16:15:20
708.0,25.0,2017-05-29 21:33:17
708.0,25.0,2018-03-07 18:03:01
708.0,25.0,2016-03-23 15:52:38
708.0,25.0,2016-03-11 14:17:18
708.0,25.0,2017-11-29 13:59:46
708.0,50.0,2016-02-28 19:13:08
708.0,50.0,2016-03-02 13:51:22
708.0,25.0,2016-10-03 22:18:19
710.0,250.0,2017-07-31 15:21:05
710.0,100.0,2015-12-10 16:57:04
710.0,100.0,2015-09-12 11:37:42
710.0,100.0,2016-02-15 15:44:20
710.0,250.0,2015-12-21 12:39:24
710.0,100.0,2017-04-15 17:06:06
710.0,100.0,2018-05-03 17:11:56
710.0,100.0,2015-11-08 20:20:05
711.0,25.0,2018-02-21 16:02:50
712.0,75.0,2017-01-29 16:09:59
712.0,75.0,2017-04-26 12:44:02
712.0,100.0,2016-08-09 21:13:52
712.0,100.0,2015-10-19 19:12:11
712.0,100.0,2018-05-31 18:45:48
712.0,75.0,2018-05-09 12:18:38
713.0,75.0,2018-05-31 11:02:22
713.0,75.0,2016-05-19 16:05:35
713.0,75.0,2016-01-20 11:32:27
714.0,25.0,2017-12-26 13:32:30
714.0,25.0,2016-05-04 17:36:08
714.0,50.0,2015-07-13 12:55:54
714.0,50.0,2016-01-27 21:33:52
714.0,50.0,2017-12-06 12:06:32
714.0,25.0,2016-10-04 20:47:36
715.0,50.0,2018-02-16 13:04:21
715.0,25.0,2017-11-30 11:08:34
715.0,25.0,2017-12-10 11:07:39
715.0,50.0,2018-04-03 17:12:30
716.0,25.0,2017-12-30 17:40:46
716.0,25.0,2016-05-30 18:07:22
716.0,25.0,2017-08-11 14:53:15
716.0,25.0,2016-12-26 11:53:26
716.0,25.0,2016-10-17 16:19:25
716.0,50.0,2017-05-29 13:28:18
717.0,100.0,2017-07-14 12:23:15
717.0,250.0,2016-10-08 18:51:15
717.0,250.0,2015-11-28 20:03:18
718.0,50.0,2018-04-09 18:59:30
719.0,25.0,2018-05-23 14:28:28
719.0,25.0,2017-07-19 14:21:42
719.0,50.0,2017-06-09 14:50:02
719.0,25.0,2016-05-12 22:14:45
720.0,100.0,2018-01-03 13:19:57
721.0,1000.0,2018-05-03 18:36:11
721.0,1000.0,2018-03-24 17:52:47
721.0,1000.0,2017-12-02 17:43:33
721.0,1500.0,2018-01-10 19:46:07
721.0,1000.0,2017-11-26 12:19:07
721.0,1000.0,2018-04-28 19:03:33
722.0,250.0,2018-01-01 17:16:06
724.0,500.0,2018-03-26 19:49:09
724.0,250.0,2018-05-28 19:16:19
724.0,250.0,2018-03-21 13:46:42
725.0,50.0,2018-03-21 11:13:13
725.0,25.0,2018-03-01 13:29:38
725.0,25.0,2018-05-25 18:30:38
725.0,25.0,2017-12-28 22:06:23
729.0,50.0,2018-03-29 11:25:57
730.0,50.0,2017-09-08 11:20:58
730.0,25.0,2018-05-06 17:27:07
730.0,50.0,2017-09-27 16:35:00
730.0,50.0,2017-11-10 16:57:04
730.0,25.0,2018-01-03 13:24:23
731.0,25.0,2017-12-21 18:06:04
731.0,25.0,2018-02-22 12:50:02
732.0,25.0,2018-05-15 19:47:58
732.0,50.0,2017-07-07 19:51:29
732.0,25.0,2016-01-23 20:01:11
737.0,75.0,2016-08-18 22:53:44
737.0,50.0,2017-07-10 14:36:02
737.0,50.0,2016-09-23 14:29:38
737.0,50.0,2018-02-28 13:29:27
737.0,75.0,2018-03-11 14:57:30
737.0,75.0,2016-06-22 21:05:07
738.0,50.0,2016-10-12 14:53:23
738.0,50.0,2017-07-05 22:54:33
738.0,25.0,2017-09-09 13:20:00
738.0,25.0,2017-07-25 15:00:28
738.0,50.0,2016-01-27 21:40:31
738.0,25.0,2016-10-28 19:52:45
738.0,25.0,2015-07-06 16:50:01
738.0,50.0,2015-04-29 18:41:40
738.0,25.0,2017-03-09 17:02:24
738.0,25.0,2016-06-04 22:39:14
738.0,50.0,2017-06-16 20:13:47
738.0,25.0,2015-06-09 13:20:44
738.0,25.0,2018-01-19 14:49:30
738.0,25.0,2017-11-04 17:55:01
738.0,25.0,2017-07-11 11:53:57
738.0,25.0,2018-02-11 14:14:07
739.0,25.0,2018-05-08 22:36:58
739.0,25.0,2017-02-18 20:39:58
739.0,25.0,2016-04-01 20:39:55
739.0,50.0,2017-10-09 21:33:46
739.0,25.0,2016-05-24 16:37:21
739.0,50.0,2018-05-08 11:55:17
739.0,25.0,2018-04-07 13:22:52
739.0,25.0,2018-04-21 18:22:46
739.0,25.0,2016-02-02 14:29:33
739.0,50.0,2015-12-15 22:28:52
739.0,25.0,2016-08-24 13:17:23
739.0,25.0,2015-04-19 13:52:49
740.0,50.0,2017-11-28 20:35:13
740.0,75.0,2016-11-10 21:50:08
740.0,75.0,2017-02-11 12:21:33
740.0,50.0,2016-10-12 18:56:20
740.0,75.0,2015-08-27 20:13:43
740.0,50.0,2016-08-25 16:09:01
740.0,50.0,2016-01-09 11:07:52
740.0,50.0,2015-08-12 11:50:02
740.0,50.0,2018-01-04 13:34:09
740.0,50.0,2017-01-31 19:59:34
740.0,50.0,2017-05-12 22:24:19
740.0,50.0,2016-12-04 19:00:08
740.0,50.0,2016-01-20 11:35:16
740.0,75.0,2017-10-25 20:00:18
740.0,75.0,2015-07-28 13:29:27
740.0,75.0,2016-05-20 16:15:15
741.0,25.0,2017-08-02 21:33:14
741.0,25.0,2018-01-06 18:56:06
744.0,100.0,2018-02-08 20:33:46
746.0,25.0,2017-06-13 13:37:33
750.0,25.0,2017-05-30 17:55:08
750.0,25.0,2017-07-05 13:28:24
750.0,25.0,2017-04-26 11:59:03
755.0,25.0,2018-02-04 15:06:02
755.0,25.0,2016-04-28 20:04:52
755.0,25.0,2016-07-27 20:46:32
755.0,25.0,2016-05-09 22:46:47
755.0,25.0,2017-01-21 14:18:04
755.0,50.0,2017-11-27 16:41:56
756.0,25.0,2017-02-18 17:42:37
756.0,50.0,2016-02-27 20:15:07
756.0,25.0,2016-04-12 20:16:30
756.0,25.0,2017-03-26 22:05:13
756.0,25.0,2018-05-16 20:14:40
756.0,25.0,2018-03-03 15:35:47
756.0,25.0,2015-12-21 14:42:49
756.0,25.0,2018-01-22 15:50:28
756.0,25.0,2017-12-27 16:58:28
756.0,25.0,2015-08-15 19:00:03
756.0,50.0,2017-12-26 18:07:38
756.0,25.0,2015-07-15 19:43:02
756.0,25.0,2018-03-23 11:48:42
756.0,25.0,2018-05-11 16:36:45
756.0,50.0,2016-08-31 17:24:32
756.0,25.0,2016-11-23 19:57:46
756.0,50.0,2016-07-20 20:24:37
756.0,25.0,2017-02-23 19:29:05
757.0,25.0,2018-04-10 22:18:39
758.0,1000.0,2017-04-23 15:47:16
758.0,1500.0,2017-07-22 19:38:09
759.0,75.0,2017-10-27 16:54:58
759.0,50.0,2017-05-20 12:22:41
759.0,50.0,2017-04-09 18:03:03
760.0,50.0,2017-01-07 18:26:09
760.0,25.0,2016-01-20 20:35:24
760.0,25.0,2018-01-01 11:36:39
760.0,25.0,2016-10-09 11:15:23
760.0,50.0,2017-04-26 19:01:29
760.0,25.0,2017-05-22 11:04:48
760.0,50.0,2018-05-04 16:21:56
760.0,50.0,2015-11-11 15:03:55
760.0,25.0,2017-09-09 14:00:49
760.0,50.0,2017-02-06 20:08:28
760.0,25.0,2017-08-01 17:15:30
760.0,50.0,2018-02-06 14:29:29
761.0,50.0,2017-12-26 11:29:47
761.0,25.0,2018-04-21 14:54:01
761.0,25.0,2018-04-27 15:40:32
761.0,25.0,2018-03-15 15:28:45
762.0,25.0,2017-07-29 13:45:16
762.0,50.0,2015-07-02 16:46:10
762.0,25.0,2017-03-08 19:30:41
762.0,25.0,2017-08-11 13:43:47
763.0,50.0,2017-07-25 22:58:34
763.0,50.0,2018-05-13 18:59:37
763.0,75.0,2017-02-21 20:37:51
763.0,75.0,2017-08-22 13:19:03
763.0,50.0,2018-03-26 19:08:03
763.0,50.0,2018-02-03 19:14:00
763.0,50.0,2018-01-23 16:06:48
763.0,50.0,2017-04-24 12:58:02
763.0,50.0,2017-03-16 19:33:43
763.0,75.0,2017-10-04 13:25:49
765.0,25.0,2017-12-14 12:51:46
765.0,25.0,2017-10-26 11:45:55
765.0,50.0,2018-04-10 15:22:01
766.0,1000.0,2017-06-18 11:54:00
766.0,1500.0,2017-10-05 18:20:04
767.0,25.0,2017-05-19 16:41:44
767.0,25.0,2017-08-28 22:02:18
767.0,25.0,2017-03-07 11:25:31
768.0,50.0,2017-10-21 14:49:01
768.0,50.0,2017-11-13 19:05:49
769.0,100.0,2018-05-23 22:09:17
770.0,25.0,2018-01-20 12:47:55
770.0,25.0,2018-01-17 18:08:39
770.0,50.0,2018-05-14 13:31:13
770.0,25.0,2017-12-07 16:02:01
771.0,250.0,2017-11-20 20:00:37
774.0,25.0,2017-10-26 17:06:52
774.0,25.0,2016-10-29 12:46:36
774.0,25.0,2015-09-10 21:31:09
775.0,50.0,2015-07-16 22:31:01
775.0,50.0,2018-05-17 17:05:49
775.0,50.0,2016-10-06 20:23:51
775.0,25.0,2015-02-19 17:02:26
775.0,25.0,2016-06-08 14:08:04
775.0,25.0,2016-01-17 12:52:10
775.0,25.0,2015-10-03 11:27:43
775.0,25.0,2018-03-14 22:01:49
775.0,25.0,2017-11-01 16:43:34
775.0,25.0,2015-03-01 18:37:10
775.0,50.0,2017-01-27 15:31:11
775.0,25.0,2018-05-08 17:05:56
775.0,50.0,2018-04-21 14:31:22
775.0,50.0,2015-11-11 12:09:10
775.0,25.0,2016-08-17 18:44:17
775.0,25.0,2016-01-22 13:22:36
776.0,25.0,2015-12-11 12:38:35
776.0,25.0,2018-03-31 17:26:06
776.0,50.0,2018-01-07 13:31:47
776.0,25.0,2018-01-01 18:59:06
776.0,25.0,2017-03-04 12:02:56
776.0,50.0,2017-04-18 16:44:47
777.0,25.0,2016-04-11 14:12:28
777.0,25.0,2015-10-09 14:26:31
777.0,50.0,2017-09-10 18:22:10
777.0,50.0,2017-06-10 20:16:33
778.0,50.0,2018-05-13 16:44:49
778.0,25.0,2016-07-19 13:32:40
778.0,50.0,2016-12-17 15:34:18
778.0,25.0,2017-09-24 22:34:09
778.0,50.0,2016-09-26 15:35:25
778.0,25.0,2017-08-02 11:49:17
779.0,25.0,2017-12-21 20:04:34
779.0,50.0,2017-12-21 18:38:47
781.0,25.0,2018-04-15 16:02:33
781.0,25.0,2018-05-06 18:34:09
782.0,100.0,2016-12-15 13:12:47
782.0,100.0,2017-01-16 12:06:51
782.0,100.0,2016-12-11 16:21:30
783.0,50.0,2017-02-20 11:54:30
783.0,25.0,2017-10-11 20:59:49
783.0,25.0,2016-05-30 16:59:36
783.0,50.0,2016-08-04 21:17:43
785.0,25.0,2018-05-05 19:29:19
785.0,50.0,2018-04-04 11:05:40
785.0,25.0,2017-12-19 12:46:15
786.0,25.0,2018-02-24 17:37:36
786.0,25.0,2018-04-29 18:37:43
786.0,25.0,2018-02-16 15:38:59
787.0,50.0,2018-05-13 18:49:08
787.0,25.0,2018-02-28 13:47:26
787.0,50.0,2018-03-26 22:01:59
788.0,50.0,2017-08-26 16:54:21
788.0,50.0,2017-11-17 21:30:39
788.0,50.0,2017-12-06 18:21:05
788.0,50.0,2017-12-18 12:02:11
788.0,75.0,2015-06-26 20:40:54
788.0,50.0,2016-04-10 18:16:09
788.0,75.0,2016-03-29 21:35:53
788.0,50.0,2016-05-18 19:30:50
788.0,50.0,2016-03-07 21:44:31
788.0,50.0,2017-09-26 21:55:07
788.0,75.0,2016-01-21 17:16:20
788.0,50.0,2017-05-18 22:32:35
788.0,75.0,2017-06-25 14:44:20
788.0,50.0,2018-01-30 13:10:05
788.0,50.0,2016-06-30 15:35:04
788.0,50.0,2016-07-06 22:13:32
789.0,25.0,2017-09-07 15:26:49
789.0,25.0,2018-03-19 17:25:20
790.0,500.0,2018-03-22 22:24:02
791.0,25.0,2016-12-26 12:28:37
791.0,25.0,2017-01-14 11:19:40
793.0,25.0,2016-06-25 13:45:19
793.0,25.0,2016-06-11 12:48:31
793.0,25.0,2015-09-05 11:04:00
793.0,25.0,2017-09-01 12:54:14
793.0,25.0,2018-01-20 17:51:48
793.0,50.0,2017-05-14 19:41:30
793.0,25.0,2017-03-08 13:56:36
793.0,50.0,2017-05-12 21:48:27
793.0,25.0,2017-06-16 11:44:35
793.0,25.0,2015-03-29 19:12:57
793.0,25.0,2017-07-10 21:32:44
793.0,50.0,2015-07-24 21:02:33
793.0,25.0,2015-04-17 16:04:06
793.0,25.0,2016-07-08 22:37:29
793.0,25.0,2015-11-07 22:23:11
793.0,25.0,2017-08-27 18:21:05
794.0,25.0,2017-12-06 16:11:00
794.0,25.0,2017-01-01 21:45:30
796.0,25.0,2017-01-14 12:06:41
796.0,50.0,2017-03-24 15:44:26
796.0,25.0,2015-02-11 13:42:52
796.0,25.0,2018-01-23 11:55:01
797.0,25.0,2018-01-01 22:18:38
797.0,50.0,2017-12-20 22:16:51
797.0,25.0,2015-08-05 15:56:43
797.0,50.0,2016-01-26 16:46:07
797.0,25.0,2015-10-11 12:36:32
797.0,25.0,2016-05-24 19:54:18
798.0,25.0,2018-05-12 17:24:34
798.0,25.0,2018-02-17 16:40:07
798.0,50.0,2018-04-26 17:14:57
799.0,50.0,2016-12-21 16:34:04
799.0,50.0,2016-12-18 20:47:29
799.0,25.0,2018-01-10 19:07:40
799.0,25.0,2017-02-28 12:06:08
799.0,25.0,2016-12-15 16:20:38
799.0,50.0,2016-12-28 12:28:14
803.0,25.0,2018-01-03 17:19:31
803.0,25.0,2017-06-23 18:15:44
803.0,25.0,2018-03-23 21:38:33
803.0,25.0,2018-02-20 15:16:28
805.0,50.0,2017-11-01 14:13:09
805.0,75.0,2017-07-24 17:03:32
805.0,50.0,2017-10-24 22:26:04
805.0,50.0,2018-05-01 20:53:43
805.0,50.0,2018-03-09 20:26:31
806.0,50.0,2018-06-02 17:11:42
806.0,25.0,2017-07-22 20:11:14
806.0,25.0,2017-11-08 15:28:09
807.0,50.0,2016-04-17 16:22:02
807.0,25.0,2017-08-31 11:39:28
807.0,25.0,2018-02-12 16:03:19
807.0,25.0,2016-05-07 19:40:10
807.0,50.0,2015-08-17 12:37:50
807.0,25.0,2015-05-27 11:23:45
807.0,25.0,2017-07-14 13:29:09
807.0,50.0,2018-04-14 15:24:01
809.0,1000.0,2017-07-09 22:55:46
809.0,1500.0,2017-12-11 20:47:57
809.0,1500.0,2017-05-24 16:25:11
809.0,1500.0,2017-07-14 13:39:21
815.0,25.0,2015-06-01 21:11:53
815.0,25.0,2017-10-06 15:44:36
815.0,50.0,2015-08-14 22:24:23
815.0,25.0,2017-08-06 15:44:35
815.0,50.0,2017-03-07 11:37:38
815.0,50.0,2016-09-15 12:33:18
815.0,25.0,2015-08-31 20:40:02
815.0,25.0,2016-12-25 18:43:39
815.0,50.0,2017-11-19 13:38:08
815.0,25.0,2016-01-22 19:34:52
815.0,50.0,2017-06-22 13:10:48
815.0,25.0,2015-03-19 16:55:40
815.0,25.0,2016-01-10 16:21:47
815.0,25.0,2017-06-26 13:08:30
815.0,25.0,2016-12-22 18:47:05
815.0,25.0,2016-11-27 22:57:14
816.0,500.0,2017-01-22 13:20:47
818.0,250.0,2018-06-01 12:49:13
818.0,100.0,2018-02-10 15:56:46
819.0,100.0,2016-05-25 15:34:33
819.0,100.0,2017-04-11 12:07:23
819.0,100.0,2017-01-11 11:27:28
819.0,100.0,2017-04-13 18:51:13
819.0,250.0,2018-04-19 14:07:44
819.0,100.0,2017-10-05 21:33:22
819.0,100.0,2016-12-15 14:41:18
819.0,250.0,2016-03-01 15:02:50
819.0,100.0,2017-01-02 22:36:07
819.0,100.0,2017-04-06 21:28:20
819.0,100.0,2018-05-31 11:56:58
819.0,250.0,2015-05-23 15:59:07
819.0,100.0,2018-01-22 19:45:15
819.0,100.0,2016-08-30 14:19:48
819.0,100.0,2017-11-17 18:44:52
819.0,100.0,2016-11-14 22:39:30
821.0,50.0,2016-09-30 13:37:24
821.0,25.0,2017-03-06 12:54:14
821.0,25.0,2017-11-01 14:09:14
821.0,25.0,2016-02-20 14:07:32
821.0,25.0,2017-05-10 11:18:13
821.0,25.0,2016-02-26 21:15:54
823.0,50.0,2016-03-05 13:46:57
823.0,25.0,2017-11-05 12:51:12
823.0,50.0,2017-08-19 19:16:27
825.0,1500.0,2016-12-26 12:17:28
825.0,1500.0,2017-11-09 21:02:44
825.0,1500.0,2018-01-02 22:29:03
825.0,2000.0,2017-12-14 14:46:39
826.0,50.0,2018-03-03 14:25:04
826.0,75.0,2018-03-03 17:50:38
826.0,50.0,2018-04-07 17:54:18
826.0,75.0,2018-01-25 18:49:03
827.0,250.0,2016-07-29 15:39:00
827.0,250.0,2016-11-24 17:07:01
827.0,500.0,2017-05-02 16:56:37
827.0,500.0,2015-04-23 20:19:01
829.0,25.0,2017-11-15 21:44:44
832.0,100.0,2017-08-17 19:35:22
832.0,75.0,2018-04-12 22:20:55
835.0,25.0,2016-08-04 12:15:53
835.0,25.0,2016-04-05 13:50:52
835.0,50.0,2015-03-14 16:58:31
835.0,25.0,2016-03-23 21:30:03
835.0,25.0,2015-05-29 17:50:09
835.0,25.0,2017-11-03 14:34:12
835.0,25.0,2017-08-16 14:25:27
835.0,25.0,2015-02-28 16:37:25
837.0,25.0,2018-03-14 19:09:27
838.0,25.0,2017-11-02 14:57:15
838.0,25.0,2017-09-25 22:50:31
838.0,25.0,2017-03-02 16:50:16
838.0,25.0,2016-07-29 14:47:00
839.0,25.0,2017-10-23 12:44:34
839.0,25.0,2017-12-19 12:52:37
840.0,25.0,2017-09-18 19:24:24
842.0,25.0,2018-02-12 16:34:44
842.0,25.0,2018-04-09 19:14:55
842.0,25.0,2017-11-16 13:57:58
842.0,25.0,2016-06-20 16:03:20
842.0,50.0,2017-04-17 11:36:27
842.0,50.0,2017-03-20 14:12:20
842.0,50.0,2018-01-16 19:49:38
842.0,50.0,2017-01-04 18:13:57
843.0,25.0,2017-08-10 20:33:27
843.0,25.0,2016-12-26 21:14:33
843.0,50.0,2016-07-26 14:14:41
843.0,25.0,2016-07-22 13:04:18
844.0,25.0,2018-02-28 14:13:45
846.0,50.0,2017-02-12 14:44:30
846.0,75.0,2015-09-13 22:28:24
846.0,50.0,2017-12-05 13:32:21
846.0,50.0,2015-10-03 15:21:57
846.0,50.0,2016-08-20 12:55:39
846.0,50.0,2018-04-09 21:31:08
846.0,50.0,2017-11-18 18:09:30
846.0,50.0,2016-10-02 19:59:05
846.0,50.0,2017-05-12 14:51:58
846.0,50.0,2017-07-28 14:59:35
846.0,50.0,2018-04-01 22:49:25
846.0,75.0,2015-08-29 12:09:06
846.0,50.0,2016-01-21 21:08:35
846.0,75.0,2015-09-01 15:03:14
846.0,50.0,2016-03-10 21:13:11
846.0,50.0,2016-07-11 15:12:56
849.0,25.0,2017-12-30 14:42:56
849.0,25.0,2017-10-31 19:15:28
849.0,25.0,2017-10-10 19:40:10
850.0,50.0,2016-09-28 14:31:04
850.0,50.0,2017-11-07 17:41:35
852.0,50.0,2017-11-21 18:52:34
852.0,50.0,2017-09-09 20:25:48
853.0,25.0,2017-08-18 12:01:08
853.0,25.0,2017-12-06 15:03:22
855.0,50.0,2017-03-25 13:23:17
855.0,25.0,2017-01-19 20:07:23
855.0,25.0,2017-02-22 11:22:37
855.0,25.0,2017-05-14 14:09:07
856.0,25.0,2016-01-07 12:58:33
856.0,50.0,2015-02-27 12:27:35
856.0,25.0,2015-04-25 21:56:42
856.0,50.0,2015-07-08 19:01:52
856.0,25.0,2016-05-01 22:19:18
856.0,25.0,2015-03-29 11:22:14
856.0,50.0,2017-04-28 19:39:25
856.0,25.0,2017-10-21 19:42:43
857.0,25.0,2018-02-28 11:04:14
857.0,25.0,2017-12-16 17:04:08
857.0,25.0,2018-04-10 22:17:34
857.0,25.0,2017-11-03 18:27:54
857.0,25.0,2018-01-30 15:56:46
858.0,250.0,2016-12-07 11:39:15
858.0,250.0,2017-12-29 18:47:21
858.0,250.0,2017-05-30 20:55:13
858.0,250.0,2017-06-02 22:54:46
858.0,250.0,2018-03-31 16:12:09
858.0,250.0,2017-01-04 13:13:54
858.0,250.0,2018-04-19 15:06:32
858.0,500.0,2017-06-02 19:43:03
858.0,500.0,2017-10-24 16:31:08
858.0,500.0,2017-07-19 11:25:38
861.0,50.0,2018-03-31 12:08:24
861.0,25.0,2018-04-21 15:08:11
862.0,50.0,2017-07-06 22:30:26
862.0,25.0,2017-08-04 12:53:03
862.0,50.0,2017-03-24 16:58:08
862.0,25.0,2017-02-26 13:34:45
863.0,50.0,2018-04-30 16:06:34
864.0,25.0,2018-01-05 13:59:36
864.0,25.0,2017-11-21 12:40:02
864.0,50.0,2016-07-27 19:51:50
867.0,25.0,2017-12-09 16:40:43
867.0,25.0,2018-04-09 11:02:32
867.0,25.0,2018-03-19 12:10:54
868.0,25.0,2018-03-28 17:07:56
868.0,25.0,2018-01-25 19:17:09
869.0,25.0,2018-01-19 13:49:07
870.0,25.0,2017-11-08 12:39:27
873.0,25.0,2017-05-20 12:47:52
873.0,25.0,2017-08-28 21:53:35
874.0,1000.0,2016-03-16 19:54:43
874.0,1000.0,2017-09-03 16:05:39
874.0,500.0,2016-02-21 18:57:29
874.0,500.0,2018-05-19 20:56:34
874.0,500.0,2016-01-26 18:07:37
874.0,500.0,2018-05-02 14:55:54
874.0,500.0,2017-03-11 19:05:42
874.0,500.0,2017-02-21 13:33:20
874.0,1000.0,2018-01-10 22:26:13
874.0,1000.0,2016-06-06 14:20:24
874.0,1000.0,2017-12-01 16:54:40
874.0,500.0,2015-09-05 11:55:55
874.0,500.0,2015-10-26 14:11:25
874.0,500.0,2016-10-04 17:26:32
874.0,500.0,2017-02-01 12:39:12
875.0,75.0,2017-11-22 16:50:37
875.0,100.0,2018-03-20 12:02:05
875.0,75.0,2016-02-07 18:57:26
876.0,25.0,2015-03-13 13:58:17
876.0,25.0,2016-08-01 20:59:22
876.0,25.0,2016-09-25 18:06:28
876.0,50.0,2015-09-24 18:14:12
876.0,50.0,2017-10-19 12:15:00
876.0,50.0,2018-01-01 19:28:31
876.0,25.0,2016-05-10 21:35:12
876.0,25.0,2017-07-08 18:18:56
876.0,25.0,2015-09-25 21:43:23
876.0,50.0,2018-01-02 15:09:20
876.0,25.0,2017-04-28 15:19:56
876.0,50.0,2016-07-21 20:32:05
878.0,25.0,2018-01-26 12:51:18
882.0,25.0,2017-12-14 21:15:24
882.0,25.0,2018-05-12 15:59:22
882.0,25.0,2018-04-03 18:20:15
882.0,25.0,2017-12-31 16:16:57
882.0,50.0,2018-01-16 13:08:12
883.0,50.0,2018-02-21 22:52:24
883.0,25.0,2017-12-17 16:43:11
884.0,25.0,2016-02-08 19:16:11
884.0,25.0,2016-08-16 21:03:31
884.0,25.0,2017-04-05 16:31:32
884.0,25.0,2017-04-14 14:18:22
884.0,50.0,2017-01-20 11:13:00
884.0,25.0,2015-05-05 15:22:08
884.0,25.0,2016-02-19 15:24:09
884.0,25.0,2015-05-28 11:55:21
884.0,50.0,2016-08-23 21:20:34
884.0,25.0,2015-07-12 19:04:11
884.0,25.0,2017-03-28 13:04:44
884.0,25.0,2017-05-29 16:55:50
885.0,50.0,2015-10-16 15:19:04
885.0,25.0,2017-11-05 14:06:07
885.0,25.0,2016-07-19 20:47:28
885.0,25.0,2018-03-15 19:32:23
885.0,25.0,2016-01-02 19:35:57
885.0,25.0,2017-05-16 18:56:57
885.0,50.0,2016-09-08 18:04:42
885.0,25.0,2017-08-15 13:57:11
885.0,25.0,2016-12-21 20:10:42
888.0,100.0,2017-08-25 11:11:47
888.0,100.0,2018-05-17 14:52:38
890.0,50.0,2017-08-07 12:03:46
890.0,50.0,2017-01-30 14:18:16
890.0,25.0,2017-09-15 18:08:01
890.0,25.0,2017-09-17 21:58:35
890.0,25.0,2015-05-25 17:58:09
890.0,50.0,2015-12-26 20:47:41
890.0,25.0,2018-01-27 12:54:26
890.0,25.0,2016-04-01 13:44:05
891.0,1000.0,2017-10-14 13:45:51
891.0,500.0,2017-03-09 17:37:40
892.0,50.0,2017-09-21 19:12:45
892.0,25.0,2018-02-27 14:13:33
892.0,25.0,2018-03-23 11:58:07
892.0,25.0,2017-06-30 22:37:37
892.0,50.0,2018-02-19 19:09:18
896.0,25.0,2017-09-25 22:10:53
896.0,25.0,2017-03-04 20:28:40
896.0,25.0,2018-04-15 20:41:25
896.0,25.0,2016-12-06 15:28:40
897.0,25.0,2018-05-27 18:42:51
900.0,25.0,2017-12-17 15:23:06
900.0,25.0,2018-05-24 15:36:18
900.0,50.0,2018-02-19 12:37:02
901.0,25.0,2015-09-19 14:55:53
901.0,50.0,2017-01-18 18:09:05
901.0,50.0,2015-06-08 12:21:52
901.0,25.0,2016-02-07 13:28:53
901.0,50.0,2018-05-14 15:58:33
901.0,50.0,2017-09-06 21:33:21
901.0,25.0,2018-01-05 15:45:23
901.0,50.0,2017-11-04 14:49:16
901.0,25.0,2015-02-24 20:45:42
901.0,50.0,2015-09-05 18:15:43
901.0,25.0,2017-01-01 14:41:30
901.0,50.0,2017-02-11 19:39:27
902.0,1500.0,2018-04-14 16:39:01
903.0,25.0,2015-09-12 20:06:54
903.0,50.0,2017-10-09 13:38:53
903.0,50.0,2016-01-13 21:41:50
903.0,25.0,2017-11-21 13:11:56
904.0,1500.0,2016-03-28 17:33:35
904.0,1000.0,2016-01-29 13:03:34
904.0,1500.0,2016-02-03 14:02:21
904.0,1000.0,2017-10-27 21:03:52
904.0,1500.0,2016-06-26 13:40:46
904.0,1500.0,2017-10-01 15:53:36
904.0,1500.0,2018-04-04 18:49:38
904.0,1000.0,2016-07-05 20:24:27
904.0,1500.0,2017-12-06 16:54:56
905.0,25.0,2016-10-05 16:34:39
905.0,25.0,2017-10-29 20:05:10
905.0,25.0,2017-03-25 17:08:43
905.0,25.0,2017-07-22 11:23:04
905.0,50.0,2016-11-28 17:03:22
905.0,25.0,2018-04-09 17:59:48
911.0,25.0,2015-11-10 16:25:04
911.0,25.0,2017-12-01 12:20:39
911.0,50.0,2017-09-21 17:17:23
911.0,50.0,2017-11-28 20:28:47
911.0,50.0,2015-11-10 11:46:10
911.0,25.0,2016-01-03 14:00:50
912.0,500.0,2016-01-03 12:18:46
912.0,500.0,2016-01-30 22:48:49
912.0,500.0,2015-10-05 19:24:44
912.0,500.0,2017-09-14 15:06:25
912.0,500.0,2016-10-17 14:57:14
912.0,1000.0,2016-06-20 15:20:05
915.0,50.0,2018-05-22 18:12:42
915.0,50.0,2017-08-24 19:52:35
915.0,50.0,2017-09-12 15:48:32
916.0,1500.0,2016-02-11 15:15:42
916.0,1500.0,2017-09-12 18:12:46
916.0,1500.0,2015-10-20 13:32:33
916.0,2000.0,2016-10-01 19:35:01
916.0,1500.0,2015-10-23 15:50:26
916.0,1500.0,2015-10-25 14:39:49
916.0,1500.0,2017-02-12 16:27:38
916.0,1500.0,2017-06-14 13:41:39
916.0,1500.0,2017-03-07 19:39:28
916.0,1500.0,2015-09-14 13:42:41
916.0,1500.0,2017-10-02 17:32:13
916.0,1500.0,2016-04-10 13:05:18
916.0,1500.0,2015-10-28 19:36:36
916.0,1500.0,2015-06-17 18:12:52
916.0,2000.0,2017-04-08 16:12:44
916.0,1500.0,2018-03-17 14:19:02
916.0,1500.0,2015-10-23 16:31:52
916.0,1500.0,2017-06-21 12:23:39
917.0,250.0,2018-02-10 14:13:28
917.0,250.0,2018-05-10 16:08:47
917.0,250.0,2018-05-27 14:45:28
918.0,50.0,2018-04-06 16:17:40
918.0,25.0,2016-04-10 19:37:55
918.0,25.0,2016-12-03 12:40:37
918.0,25.0,2018-04-25 18:24:03
918.0,25.0,2016-05-17 16:17:50
918.0,25.0,2017-09-15 21:06:40
918.0,25.0,2017-08-26 16:18:03
918.0,50.0,2018-05-02 20:02:15
918.0,25.0,2017-08-17 15:34:43
918.0,25.0,2018-02-21 14:52:25
919.0,25.0,2018-02-05 15:12:38
919.0,25.0,2017-09-26 11:05:01
919.0,25.0,2017-09-19 15:40:12
919.0,25.0,2017-11-07 19:59:08
922.0,100.0,2017-01-21 13:35:18
922.0,100.0,2017-01-09 12:38:54
922.0,100.0,2016-01-08 12:07:19
923.0,25.0,2016-12-14 22:23:35
923.0,25.0,2015-08-01 21:45:44
923.0,25.0,2016-09-28 22:40:39
923.0,25.0,2016-08-28 20:22:43
923.0,25.0,2016-11-08 22:13:51
923.0,50.0,2017-09-10 21:16:53
923.0,50.0,2018-05-07 12:06:49
923.0,50.0,2017-11-18 20:57:44
923.0,50.0,2017-07-06 16:09:56
923.0,25.0,2018-03-05 16:55:50
923.0,25.0,2016-11-05 15:45:48
923.0,50.0,2015-10-08 21:32:06
925.0,25.0,2017-04-13 17:31:04
925.0,25.0,2018-02-22 13:39:21
927.0,500.0,2016-12-29 16:09:20
927.0,500.0,2016-05-14 22:18:05
927.0,500.0,2016-04-16 12:55:02
927.0,1000.0,2018-03-08 17:45:24
927.0,1000.0,2017-02-04 14:06:19
927.0,500.0,2017-02-27 19:15:20
927.0,1000.0,2017-10-11 17:06:18
927.0,500.0,2018-01-21 21:00:35
927.0,1000.0,2016-09-30 17:55:04
928.0,50.0,2018-05-13 20:55:53
929.0,1000.0,2016-11-20 18:33:12
929.0,500.0,2018-03-16 13:20:02
929.0,500.0,2017-06-19 21:47:00
929.0,1000.0,2018-03-08 14:02:34
931.0,25.0,2017-12-21 21:34:12
931.0,25.0,2017-12-07 20:39:06
931.0,25.0,2018-02-18 15:14:25
931.0,25.0,2017-08-25 12:52:00
932.0,25.0,2015-11-22 15:24:07
932.0,50.0,2017-08-07 22:11:20
932.0,25.0,2016-07-21 11:19:25
932.0,50.0,2017-12-05 18:57:18
933.0,25.0,2016-10-11 20:20:39
933.0,25.0,2016-08-25 13:18:42
933.0,25.0,2017-05-23 14:49:49
933.0,50.0,2015-11-10 14:08:14
933.0,25.0,2017-09-18 21:38:55
933.0,25.0,2016-08-15 22:41:03
934.0,250.0,2017-08-01 22:57:40
934.0,250.0,2017-09-25 20:45:40
934.0,250.0,2018-01-08 13:18:05
940.0,100.0,2017-06-18 18:55:04
940.0,100.0,2017-01-18 14:17:54
941.0,25.0,2017-08-26 17:54:21
941.0,50.0,2017-07-26 20:03:59
941.0,25.0,2017-10-06 21:27:07
941.0,25.0,2017-08-15 11:49:26
947.0,75.0,2017-07-09 13:05:42
947.0,100.0,2017-12-01 12:37:10
947.0,75.0,2017-08-19 20:15:21
950.0,25.0,2016-01-07 13:00:20
950.0,25.0,2018-05-31 20:14:33
950.0,25.0,2015-12-07 18:06:11
950.0,25.0,2018-05-11 12:27:57
950.0,50.0,2017-06-10 18:49:17
950.0,25.0,2015-11-16 11:57:18
951.0,50.0,2017-11-29 20:52:17
951.0,25.0,2018-02-09 19:42:16
951.0,25.0,2018-04-01 19:20:16
951.0,50.0,2018-02-03 20:09:35
952.0,25.0,2018-01-19 22:36:14
953.0,25.0,2017-07-10 13:01:10
957.0,25.0,2016-08-16 22:15:39
957.0,25.0,2017-03-26 19:14:29
957.0,50.0,2017-12-29 18:45:35
957.0,25.0,2017-12-10 21:41:01
957.0,25.0,2017-07-03 17:37:34
957.0,25.0,2016-02-26 22:32:35
957.0,25.0,2017-04-19 22:55:39
957.0,25.0,2016-06-19 20:32:34
957.0,25.0,2018-01-26 15:58:22
957.0,50.0,2015-12-13 20:09:35
957.0,25.0,2017-11-02 21:25:03
957.0,50.0,2018-03-27 16:07:28
959.0,1000.0,2017-05-25 18:17:57
960.0,250.0,2018-05-30 17:06:23
960.0,250.0,2017-10-13 13:11:48
960.0,250.0,2015-11-12 16:28:32
960.0,250.0,2017-06-05 18:27:39
960.0,250.0,2018-01-17 12:20:52
960.0,250.0,2015-07-03 21:02:05
960.0,500.0,2015-12-14 16:32:35
960.0,250.0,2018-01-08 14:16:23
961.0,250.0,2015-07-05 19:21:42
961.0,250.0,2016-05-19 18:38:33
961.0,250.0,2017-04-14 15:03:34
961.0,250.0,2016-12-10 18:41:20
961.0,250.0,2017-12-18 13:37:57
961.0,250.0,2015-06-09 12:33:06
961.0,250.0,2015-07-23 16:38:58
961.0,250.0,2015-02-27 21:20:33
961.0,250.0,2015-03-25 12:35:16
961.0,250.0,2017-08-20 12:50:40
961.0,250.0,2017-02-16 16:00:32
961.0,250.0,2017-09-29 13:19:36
961.0,500.0,2018-01-10 15:24:45
961.0,250.0,2016-07-03 16:08:15
961.0,500.0,2016-04-28 17:10:42
961.0,500.0,2015-03-04 22:29:16
963.0,250.0,2016-02-21 11:48:39
963.0,100.0,2017-07-30 17:57:06
963.0,250.0,2017-07-25 18:45:22
963.0,250.0,2016-03-06 19:28:49
963.0,100.0,2017-05-11 12:51:52
963.0,100.0,2016-11-04 15:24:58
965.0,50.0,2017-11-05 22:32:34
966.0,50.0,2016-05-24 18:43:26
966.0,25.0,2016-05-16 14:15:03
966.0,25.0,2016-06-13 17:27:59
967.0,50.0,2018-06-03 14:11:24
967.0,75.0,2018-01-09 22:03:06
970.0,1000.0,2017-09-18 13:52:20
972.0,50.0,2017-12-06 13:09:37
972.0,25.0,2017-04-24 21:14:54
973.0,25.0,2015-06-17 20:21:24
973.0,25.0,2017-10-28 19:44:47
973.0,25.0,2016-03-22 13:24:26
973.0,25.0,2017-10-07 11:22:38
973.0,50.0,2016-11-07 18:21:44
973.0,25.0,2016-09-07 18:42:28
973.0,25.0,2015-04-04 11:23:08
973.0,25.0,2015-02-16 22:16:53
973.0,25.0,2016-03-05 17:27:47
973.0,25.0,2017-02-19 16:22:39
973.0,25.0,2015-06-02 15:23:39
973.0,50.0,2015-08-15 16:38:12
973.0,25.0,2017-02-20 17:32:33
973.0,50.0,2015-03-23 12:04:56
973.0,50.0,2017-03-16 15:47:45
973.0,25.0,2018-05-30 19:39:56
973.0,25.0,2016-04-10 13:05:19
973.0,50.0,2015-05-29 14:00:39
973.0,25.0,2015-05-10 14:53:27
973.0,25.0,2016-07-10 15:02:38
974.0,250.0,2018-01-31 22:06:23
974.0,100.0,2016-07-26 22:50:08
974.0,250.0,2017-01-30 20:30:21
974.0,100.0,2018-03-18 16:46:23
974.0,100.0,2018-01-11 17:48:51
974.0,100.0,2017-05-11 19:31:23
974.0,250.0,2016-02-22 16:17:28
974.0,250.0,2016-09-27 22:07:44
974.0,100.0,2016-08-18 11:17:11
975.0,25.0,2018-04-23 22:43:27
975.0,50.0,2017-08-06 15:41:41
976.0,50.0,2017-05-09 17:44:24
976.0,25.0,2017-10-10 17:56:56
976.0,25.0,2017-06-09 12:21:35
976.0,50.0,2017-07-06 13:08:07
977.0,25.0,2017-12-26 17:57:08
977.0,50.0,2016-10-23 19:42:35
977.0,50.0,2017-09-21 20:54:07
978.0,25.0,2017-06-05 11:39:11
978.0,25.0,2018-05-30 16:06:29
978.0,50.0,2017-04-07 11:45:58
978.0,25.0,2017-04-11 14:44:47
978.0,25.0,2017-02-18 22:58:44
978.0,50.0,2018-02-12 13:05:06
978.0,25.0,2018-04-12 18:48:44
978.0,25.0,2018-04-04 20:15:42
979.0,25.0,2017-10-22 17:03:43
983.0,1500.0,2018-03-27 14:11:49
985.0,50.0,2018-03-01 20:30:27
987.0,75.0,2017-09-08 18:54:30
987.0,75.0,2017-12-15 18:34:41
987.0,75.0,2017-10-05 21:27:17
988.0,100.0,2018-05-26 13:54:23
988.0,100.0,2018-05-31 21:15:08
988.0,100.0,2017-08-05 13:48:58
991.0,25.0,2017-11-20 11:05:08
991.0,25.0,2018-01-23 12:14:10
991.0,50.0,2017-11-25 17:04:45
991.0,25.0,2017-10-05 22:10:39
994.0,50.0,2017-06-05 13:29:03
994.0,25.0,2017-06-10 12:48:03
994.0,25.0,2017-09-18 16:03:11
995.0,100.0,2017-07-08 15:52:47
995.0,250.0,2017-05-03 17:18:46
995.0,100.0,2018-05-07 17:09:36
996.0,25.0,2016-08-08 21:06:04
996.0,50.0,2016-10-25 11:37:28
997.0,500.0,2018-05-24 16:32:32
997.0,1000.0,2017-11-10 20:20:53
998.0,1500.0,2018-01-07 11:28:16
998.0,1000.0,2017-11-12 18:57:35
998.0,1000.0,2017-12-01 22:00:45
